STRUCTURE,STRUCTURE_ID,STRUCTURE_NAME,ACTION,FREQ,Frequency of observation,ADJUSTMENT,Adjustment,REF_AREA,Reference area,SECTOR,Institutional sector,COUNTERPART_SECTOR,Counterpart institutional sector,TRANSACTION,Transaction,INSTR_ASSET,Financial instruments and non-financial assets,ACTIVITY,Economic activity,EXPENDITURE,Expenditure,UNIT_MEASURE,Unit of measure,PRICE_BASE,Price base,TRANSFORMATION,Transformation,TABLE_IDENTIFIER,Table identifier,TIME_PERIOD,Time period,OBS_VALUE,Observation value,REF_YEAR_PRICE,Price reference year,BASE_PER,Base period,CONF_STATUS,Confidentiality status,DECIMALS,Decimals,OBS_STATUS,Observation status,UNIT_MULT,Unit multiplier,CURRENCY,Currency
DATAFLOW,OECD.SDD.NAD:DSD_NAMAIN1@DF_QNA_EXPENDITURE_GROWTH_OECD(1.1),Quarterly real GDP growth - OECD countries,I,Q,Quarterly,Y,Calendar and seasonally adjusted,CHN,China (People’s Republic of),S1,Total economy,S1,Total economy,B1GQ,Gross domestic product,_Z,Not applicable,_Z,Not applicable,_Z,Not applicable,PC,Percentage change,L,Chain linked volume,G1,"Growth rate, period on period",T0102,Table 0102 - GDP identity from the expenditure side,2023-Q3,,1.5,,,,,,F,Free (free for publication),1,One,A,Normal value,0,Units,_Z,Not applicable
DATAFLOW,OECD.SDD.NAD:DSD_NAMAIN1@DF_QNA_EXPENDITURE_GROWTH_OECD(1.1),Quarterly real GDP growth - OECD countries,I,Q,Quarterly,Y,Calendar and seasonally adjusted,IDN,Indonesia,S1,Total economy,S1,Total economy,B1GQ,Gross domestic product,_Z,Not applicable,_Z,Not applicable,_Z,Not applicable,PC,Percentage change,L,Chain linked volume,G1,"Growth rate, period on period",T0102,Table 0102 - GDP identity from the expenditure side,2024-Q3,,1.211301307,,,,,,F,Free (free for publication),1,One,A,Normal value,0,Units,_Z,Not applicable
DATAFLOW,OECD.SDD.NAD:DSD_NAMAIN1@DF_QNA_EXPENDITURE_GROWTH_OECD(1.1),Quarterly real GDP growth - OECD countries,I,Q,Quarterly,Y,Calendar and seasonally adjusted,IDN,Indonesia,S1,Total economy,S1,Total economy,B1GQ,Gross domestic product,_Z,Not applicable,_Z,Not applicable,_Z,Not applicable,PC,Percentage change,L,Chain linked volume,G1,"Growth rate, period on period",T0102,Table 0102 - GDP identity from the expenditure side,2024-Q2,,1.210273136,,,,,,F,Free (free for publication),1,One,A,Normal value,0,Units,_Z,Not applicable
DATAFLOW,OECD.SDD.NAD:DSD_NAMAIN1@DF_QNA_EXPENDITURE_GROWTH_OECD(1.1),Quarterly real GDP growth - OECD countries,I,Q,Quarterly,Y,Calendar and seasonally adjusted,BRA,Brazil,S1,Total economy,S1,Total economy,B1GQ,Gross domestic product,_Z,Not applicable,_Z,Not applicable,_Z,Not applicable,PC,Percentage change,L,Chain linked volume,G1,"Growth rate, period on period",T0102,Table 0102 - GDP identity from the expenditure side,2023-Q1,,1.376710468,,,,,,F,Free (free for publication),1,One,A,Normal value,0,Units,_Z,Not applicable
DATAFLOW,OECD.SDD.NAD:DSD_NAMAIN1@DF_QNA_EXPENDITURE_GROWTH_OECD(1.1),Quarterly real GDP growth - OECD countries,I,Q,Quarterly,Y,Calendar and seasonally adjusted,ITA,Italy,S1,Total economy,S1,Total economy,B1GQ,Gross domestic product,_Z,Not applicable,_Z,Not applicable,_Z,Not applicable,PC,Percentage change,L,Chain linked volume,G1,"Growth rate, period on period",T0102,Table 0102 - GDP identity from the expenditure side,2023-Q3,,0.222744547,,,,,,F,Free (free for publication),1,One,A,Normal value,0,Units,_Z,Not applicable
DATAFLOW,OECD.SDD.NAD:DSD_NAMAIN1@DF_QNA_EXPENDITURE_GROWTH_OECD(1.1),Quarterly real GDP growth - OECD countries,I,Q,Quarterly,Y,Calendar and seasonally adjusted,IDN,Indonesia,S1,Total economy,S1,Total economy,B1GQ,Gross domestic product,_Z,Not applicable,_Z,Not applicable,_Z,Not applicable,PC,Percentage change,L,Chain linked volume,G1,"Growth rate, period on period",T0102,Table 0102 - GDP identity from the expenditure side,2023-Q4,,1.240739721,,,,,,F,Free (free for publication),1,One,A,Normal value,0,Units,_Z,Not applicable
DATAFLOW,OECD.SDD.NAD:DSD_NAMAIN1@DF_QNA_EXPENDITURE_GROWTH_OECD(1.1),Quarterly real GDP growth - OECD countries,I,Q,Quarterly,Y,Calendar and seasonally adjusted,IDN,Indonesia,S1,Total economy,S1,Total economy,B1GQ,Gross domestic product,_Z,Not applicable,_Z,Not applicable,_Z,Not applicable,PC,Percentage change,L,Chain linked volume,G1,"Growth rate, period on period",T0102,Table 0102 - GDP identity from the expenditure side,2023-Q2,,1.300982665,,,,,,F,Free (free for publication),1,One,A,Normal value,0,Units,_Z,Not applicable
DATAFLOW,OECD.SDD.NAD:DSD_NAMAIN1@DF_QNA_EXPENDITURE_GROWTH_OECD(1.1),Quarterly real GDP growth - OECD countries,I,Q,Quarterly,Y,Calendar and seasonally adjusted,IDN,Indonesia,S1,Total economy,S1,Total economy,B1GQ,Gross domestic product,_Z,Not applicable,_Z,Not applicable,_Z,Not applicable,PC,Percentage change,L,Chain linked volume,G1,"Growth rate, period on period",T0102,Table 0102 - GDP identity from the expenditure side,2023-Q1,,1.220093508,,,,,,F,Free (free for publication),1,One,A,Normal value,0,Units,_Z,Not applicable
DATAFLOW,OECD.SDD.NAD:DSD_NAMAIN1@DF_QNA_EXPENDITURE_GROWTH_OECD(1.1),Quarterly real GDP growth - OECD countries,I,Q,Quarterly,Y,Calendar and seasonally adjusted,IDN,Indonesia,S1,Total economy,S1,Total economy,B1GQ,Gross domestic product,_Z,Not applicable,_Z,Not applicable,_Z,Not applicable,PC,Percentage change,L,Chain linked volume,G1,"Growth rate, period on period",T0102,Table 0102 - GDP identity from the expenditure side,2022-Q4,,1.27230456,,,,,,F,Free (free for publication),1,One,A,Normal value,0,Units,_Z,Not applicable
DATAFLOW,OECD.SDD.NAD:DSD_NAMAIN1@DF_QNA_EXPENDITURE_GROWTH_OECD(1.1),Quarterly real GDP growth - OECD countries,I,Q,Quarterly,Y,Calendar and seasonally adjusted,IDN,Indonesia,S1,Total economy,S1,Total economy,B1GQ,Gross domestic product,_Z,Not applicable,_Z,Not applicable,_Z,Not applicable,PC,Percentage change,L,Chain linked volume,G1,"Growth rate, period on period",T0102,Table 0102 - GDP identity from the expenditure side,2023-Q3,,1.255340614,,,,,,F,Free (free for publication),1,One,A,Normal value,0,Units,_Z,Not applicable
DATAFLOW,OECD.SDD.NAD:DSD_NAMAIN1@DF_QNA_EXPENDITURE_GROWTH_OECD(1.1),Quarterly real GDP growth - OECD countries,I,Q,Quarterly,Y,Calendar and seasonally adjusted,IDN,Indonesia,S1,Total economy,S1,Total economy,B1GQ,Gross domestic product,_Z,Not applicable,_Z,Not applicable,_Z,Not applicable,PC,Percentage change,L,Chain linked volume,G1,"Growth rate, period on period",T0102,Table 0102 - GDP identity from the expenditure side,2022-Q3,,1.146720597,,,,,,F,Free (free for publication),1,One,A,Normal value,0,Units,_Z,Not applicable
DATAFLOW,OECD.SDD.NAD:DSD_NAMAIN1@DF_QNA_EXPENDITURE_GROWTH_OECD(1.1),Quarterly real GDP growth - OECD countries,I,Q,Quarterly,Y,Calendar and seasonally adjusted,CHN,China (People’s Republic of),S1,Total economy,S1,Total economy,B1GQ,Gross domestic product,_Z,Not applicable,_Z,Not applicable,_Z,Not applicable,PC,Percentage change,L,Chain linked volume,G1,"Growth rate, period on period",T0102,Table 0102 - GDP identity from the expenditure side,2023-Q4,,0.9,,,,,,F,Free (free for publication),1,One,A,Normal value,0,Units,_Z,Not applicable
DATAFLOW,OECD.SDD.NAD:DSD_NAMAIN1@DF_QNA_EXPENDITURE_GROWTH_OECD(1.1),Quarterly real GDP growth - OECD countries,I,Q,Quarterly,Y,Calendar and seasonally adjusted,KOR,Korea,S1,Total economy,S1,Total economy,B1GQ,Gross domestic product,_Z,Not applicable,_Z,Not applicable,_Z,Not applicable,PC,Percentage change,L,Chain linked volume,G1,"Growth rate, period on period",T0102,Table 0102 - GDP identity from the expenditure side,2023-Q2,,0.551459971,,,,,,F,Free (free for publication),1,One,P,Provisional value,0,Units,_Z,Not applicable
DATAFLOW,OECD.SDD.NAD:DSD_NAMAIN1@DF_QNA_EXPENDITURE_GROWTH_OECD(1.1),Quarterly real GDP growth - OECD countries,I,Q,Quarterly,Y,Calendar and seasonally adjusted,KOR,Korea,S1,Total economy,S1,Total economy,B1GQ,Gross domestic product,_Z,Not applicable,_Z,Not applicable,_Z,Not applicable,PC,Percentage change,L,Chain linked volume,G1,"Growth rate, period on period",T0102,Table 0102 - GDP identity from the expenditure side,2023-Q1,,0.439557739,,,,,,F,Free (free for publication),1,One,P,Provisional value,0,Units,_Z,Not applicable
DATAFLOW,OECD.SDD.NAD:DSD_NAMAIN1@DF_QNA_EXPENDITURE_GROWTH_OECD(1.1),Quarterly real GDP growth - OECD countries,I,Q,Quarterly,Y,Calendar and seasonally adjusted,KOR,Korea,S1,Total economy,S1,Total economy,B1GQ,Gross domestic product,_Z,Not applicable,_Z,Not applicable,_Z,Not applicable,PC,Percentage change,L,Chain linked volume,G1,"Growth rate, period on period",T0102,Table 0102 - GDP identity from the expenditure side,2022-Q4,,-0.452035337,,,,,,F,Free (free for publication),1,One,A,Normal value,0,Units,_Z,Not applicable
DATAFLOW,OECD.SDD.NAD:DSD_NAMAIN1@DF_QNA_EXPENDITURE_GROWTH_OECD(1.1),Quarterly real GDP growth - OECD countries,I,Q,Quarterly,Y,Calendar and seasonally adjusted,KOR,Korea,S1,Total economy,S1,Total economy,B1GQ,Gross domestic product,_Z,Not applicable,_Z,Not applicable,_Z,Not applicable,PC,Percentage change,L,Chain linked volume,G1,"Growth rate, period on period",T0102,Table 0102 - GDP identity from the expenditure side,2022-Q3,,0.389517646,,,,,,F,Free (free for publication),1,One,A,Normal value,0,Units,_Z,Not applicable
DATAFLOW,OECD.SDD.NAD:DSD_NAMAIN1@DF_QNA_EXPENDITURE_GROWTH_OECD(1.1),Quarterly real GDP growth - OECD countries,I,Q,Quarterly,Y,Calendar and seasonally adjusted,KOR,Korea,S1,Total economy,S1,Total economy,B1GQ,Gross domestic product,_Z,Not applicable,_Z,Not applicable,_Z,Not applicable,PC,Percentage change,L,Chain linked volume,G1,"Growth rate, period on period",T0102,Table 0102 - GDP identity from the expenditure side,2024-Q4,,0.111688593,,,,,,F,Free (free for publication),1,One,P,Provisional value,0,Units,_Z,Not applicable
DATAFLOW,OECD.SDD.NAD:DSD_NAMAIN1@DF_QNA_EXPENDITURE_GROWTH_OECD(1.1),Quarterly real GDP growth - OECD countries,I,Q,Quarterly,Y,Calendar and seasonally adjusted,KOR,Korea,S1,Total economy,S1,Total economy,B1GQ,Gross domestic product,_Z,Not applicable,_Z,Not applicable,_Z,Not applicable,PC,Percentage change,L,Chain linked volume,G1,"Growth rate, period on period",T0102,Table 0102 - GDP identity from the expenditure side,2024-Q3,,0.099589484,,,,,,F,Free (free for publication),1,One,P,Provisional value,0,Units,_Z,Not applicable
DATAFLOW,OECD.SDD.NAD:DSD_NAMAIN1@DF_QNA_EXPENDITURE_GROWTH_OECD(1.1),Quarterly real GDP growth - OECD countries,I,Q,Quarterly,Y,Calendar and seasonally adjusted,KOR,Korea,S1,Total economy,S1,Total economy,B1GQ,Gross domestic product,_Z,Not applicable,_Z,Not applicable,_Z,Not applicable,PC,Percentage change,L,Chain linked volume,G1,"Growth rate, period on period",T0102,Table 0102 - GDP identity from the expenditure side,2024-Q2,,-0.227645994,,,,,,F,Free (free for publication),1,One,P,Provisional value,0,Units,_Z,Not applicable
DATAFLOW,OECD.SDD.NAD:DSD_NAMAIN1@DF_QNA_EXPENDITURE_GROWTH_OECD(1.1),Quarterly real GDP growth - OECD countries,I,Q,Quarterly,Y,Calendar and seasonally adjusted,KOR,Korea,S1,Total economy,S1,Total economy,B1GQ,Gross domestic product,_Z,Not applicable,_Z,Not applicable,_Z,Not applicable,PC,Percentage change,L,Chain linked volume,G1,"Growth rate, period on period",T0102,Table 0102 - GDP identity from the expenditure side,2024-Q1,,1.300111599,,,,,,F,Free (free for publication),1,One,P,Provisional value,0,Units,_Z,Not applicable
DATAFLOW,OECD.SDD.NAD:DSD_NAMAIN1@DF_QNA_EXPENDITURE_GROWTH_OECD(1.1),Quarterly real GDP growth - OECD countries,I,Q,Quarterly,Y,Calendar and seasonally adjusted,KOR,Korea,S1,Total economy,S1,Total economy,B1GQ,Gross domestic product,_Z,Not applicable,_Z,Not applicable,_Z,Not applicable,PC,Percentage change,L,Chain linked volume,G1,"Growth rate, period on period",T0102,Table 0102 - GDP identity from the expenditure side,2023-Q4,,0.455015552,,,,,,F,Free (free for publication),1,One,P,Provisional value,0,Units,_Z,Not applicable
DATAFLOW,OECD.SDD.NAD:DSD_NAMAIN1@DF_QNA_EXPENDITURE_GROWTH_OECD(1.1),Quarterly real GDP growth - OECD countries,I,Q,Quarterly,Y,Calendar and seasonally adjusted,KOR,Korea,S1,Total economy,S1,Total economy,B1GQ,Gross domestic product,_Z,Not applicable,_Z,Not applicable,_Z,Not applicable,PC,Percentage change,L,Chain linked volume,G1,"Growth rate, period on period",T0102,Table 0102 - GDP identity from the expenditure side,2023-Q3,,0.753329436,,,,,,F,Free (free for publication),1,One,P,Provisional value,0,Units,_Z,Not applicable
DATAFLOW,OECD.SDD.NAD:DSD_NAMAIN1@DF_QNA_EXPENDITURE_GROWTH_OECD(1.1),Quarterly real GDP growth - OECD countries,I,Q,Quarterly,Y,Calendar and seasonally adjusted,ITA,Italy,S1,Total economy,S1,Total economy,B1GQ,Gross domestic product,_Z,Not applicable,_Z,Not applicable,_Z,Not applicable,PC,Percentage change,L,Chain linked volume,G1,"Growth rate, period on period",T0102,Table 0102 - GDP identity from the expenditure side,2023-Q2,,-0.206818831,,,,,,F,Free (free for publication),1,One,A,Normal value,0,Units,_Z,Not applicable
DATAFLOW,OECD.SDD.NAD:DSD_NAMAIN1@DF_QNA_EXPENDITURE_GROWTH_OECD(1.1),Quarterly real GDP growth - OECD countries,I,Q,Quarterly,Y,Calendar and seasonally adjusted,ITA,Italy,S1,Total economy,S1,Total economy,B1GQ,Gross domestic product,_Z,Not applicable,_Z,Not applicable,_Z,Not applicable,PC,Percentage change,L,Chain linked volume,G1,"Growth rate, period on period",T0102,Table 0102 - GDP identity from the expenditure side,2023-Q1,,0.365677789,,,,,,F,Free (free for publication),1,One,A,Normal value,0,Units,_Z,Not applicable
DATAFLOW,OECD.SDD.NAD:DSD_NAMAIN1@DF_QNA_EXPENDITURE_GROWTH_OECD(1.1),Quarterly real GDP growth - OECD countries,I,Q,Quarterly,Y,Calendar and seasonally adjusted,ITA,Italy,S1,Total economy,S1,Total economy,B1GQ,Gross domestic product,_Z,Not applicable,_Z,Not applicable,_Z,Not applicable,PC,Percentage change,L,Chain linked volume,G1,"Growth rate, period on period",T0102,Table 0102 - GDP identity from the expenditure side,2022-Q4,,-0.243275594,,,,,,F,Free (free for publication),1,One,A,Normal value,0,Units,_Z,Not applicable
DATAFLOW,OECD.SDD.NAD:DSD_NAMAIN1@DF_QNA_EXPENDITURE_GROWTH_OECD(1.1),Quarterly real GDP growth - OECD countries,I,Q,Quarterly,Y,Calendar and seasonally adjusted,ITA,Italy,S1,Total economy,S1,Total economy,B1GQ,Gross domestic product,_Z,Not applicable,_Z,Not applicable,_Z,Not applicable,PC,Percentage change,L,Chain linked volume,G1,"Growth rate, period on period",T0102,Table 0102 - GDP identity from the expenditure side,2022-Q3,,0.567274528,,,,,,F,Free (free for publication),1,One,A,Normal value,0,Units,_Z,Not applicable
DATAFLOW,OECD.SDD.NAD:DSD_NAMAIN1@DF_QNA_EXPENDITURE_GROWTH_OECD(1.1),Quarterly real GDP growth - OECD countries,I,Q,Quarterly,Y,Calendar and seasonally adjusted,ITA,Italy,S1,Total economy,S1,Total economy,B1GQ,Gross domestic product,_Z,Not applicable,_Z,Not applicable,_Z,Not applicable,PC,Percentage change,L,Chain linked volume,G1,"Growth rate, period on period",T0102,Table 0102 - GDP identity from the expenditure side,2024-Q4,,-0.014791451,,,,,,F,Free (free for publication),1,One,A,Normal value,0,Units,_Z,Not applicable
DATAFLOW,OECD.SDD.NAD:DSD_NAMAIN1@DF_QNA_EXPENDITURE_GROWTH_OECD(1.1),Quarterly real GDP growth - OECD countries,I,Q,Quarterly,Y,Calendar and seasonally adjusted,ITA,Italy,S1,Total economy,S1,Total economy,B1GQ,Gross domestic product,_Z,Not applicable,_Z,Not applicable,_Z,Not applicable,PC,Percentage change,L,Chain linked volume,G1,"Growth rate, period on period",T0102,Table 0102 - GDP identity from the expenditure side,2024-Q3,,-0.008007073,,,,,,F,Free (free for publication),1,One,A,Normal value,0,Units,_Z,Not applicable
DATAFLOW,OECD.SDD.NAD:DSD_NAMAIN1@DF_QNA_EXPENDITURE_GROWTH_OECD(1.1),Quarterly real GDP growth - OECD countries,I,Q,Quarterly,Y,Calendar and seasonally adjusted,ITA,Italy,S1,Total economy,S1,Total economy,B1GQ,Gross domestic product,_Z,Not applicable,_Z,Not applicable,_Z,Not applicable,PC,Percentage change,L,Chain linked volume,G1,"Growth rate, period on period",T0102,Table 0102 - GDP identity from the expenditure side,2024-Q2,,0.168223608,,,,,,F,Free (free for publication),1,One,A,Normal value,0,Units,_Z,Not applicable
DATAFLOW,OECD.SDD.NAD:DSD_NAMAIN1@DF_QNA_EXPENDITURE_GROWTH_OECD(1.1),Quarterly real GDP growth - OECD countries,I,Q,Quarterly,Y,Calendar and seasonally adjusted,IDN,Indonesia,S1,Total economy,S1,Total economy,B1GQ,Gross domestic product,_Z,Not applicable,_Z,Not applicable,_Z,Not applicable,PC,Percentage change,L,Chain linked volume,G1,"Growth rate, period on period",T0102,Table 0102 - GDP identity from the expenditure side,2024-Q1,,1.239798678,,,,,,F,Free (free for publication),1,One,A,Normal value,0,Units,_Z,Not applicable
DATAFLOW,OECD.SDD.NAD:DSD_NAMAIN1@DF_QNA_EXPENDITURE_GROWTH_OECD(1.1),Quarterly real GDP growth - OECD countries,I,Q,Quarterly,Y,Calendar and seasonally adjusted,BRA,Brazil,S1,Total economy,S1,Total economy,B1GQ,Gross domestic product,_Z,Not applicable,_Z,Not applicable,_Z,Not applicable,PC,Percentage change,L,Chain linked volume,G1,"Growth rate, period on period",T0102,Table 0102 - GDP identity from the expenditure side,2023-Q3,,0.196443455,,,,,,F,Free (free for publication),1,One,A,Normal value,0,Units,_Z,Not applicable
DATAFLOW,OECD.SDD.NAD:DSD_NAMAIN1@DF_QNA_EXPENDITURE_GROWTH_OECD(1.1),Quarterly real GDP growth - OECD countries,I,Q,Quarterly,Y,Calendar and seasonally adjusted,ISR,Israel,S1,Total economy,S1,Total economy,B1GQ,Gross domestic product,_Z,Not applicable,_Z,Not applicable,_Z,Not applicable,PC,Percentage change,L,Chain linked volume,G1,"Growth rate, period on period",T0102,Table 0102 - GDP identity from the expenditure side,2023-Q1,,1.010358174,,,,,,F,Free (free for publication),1,One,A,Normal value,0,Units,_Z,Not applicable
DATAFLOW,OECD.SDD.NAD:DSD_NAMAIN1@DF_QNA_EXPENDITURE_GROWTH_OECD(1.1),Quarterly real GDP growth - OECD countries,I,Q,Quarterly,Y,Calendar and seasonally adjusted,ISR,Israel,S1,Total economy,S1,Total economy,B1GQ,Gross domestic product,_Z,Not applicable,_Z,Not applicable,_Z,Not applicable,PC,Percentage change,L,Chain linked volume,G1,"Growth rate, period on period",T0102,Table 0102 - GDP identity from the expenditure side,2022-Q4,,1.885142095,,,,,,F,Free (free for publication),1,One,A,Normal value,0,Units,_Z,Not applicable
DATAFLOW,OECD.SDD.NAD:DSD_NAMAIN1@DF_QNA_EXPENDITURE_GROWTH_OECD(1.1),Quarterly real GDP growth - OECD countries,I,Q,Quarterly,Y,Calendar and seasonally adjusted,ISR,Israel,S1,Total economy,S1,Total economy,B1GQ,Gross domestic product,_Z,Not applicable,_Z,Not applicable,_Z,Not applicable,PC,Percentage change,L,Chain linked volume,G1,"Growth rate, period on period",T0102,Table 0102 - GDP identity from the expenditure side,2022-Q3,,0.092645094,,,,,,F,Free (free for publication),1,One,A,Normal value,0,Units,_Z,Not applicable
DATAFLOW,OECD.SDD.NAD:DSD_NAMAIN1@DF_QNA_EXPENDITURE_GROWTH_OECD(1.1),Quarterly real GDP growth - OECD countries,I,Q,Quarterly,Y,Calendar and seasonally adjusted,ISR,Israel,S1,Total economy,S1,Total economy,B1GQ,Gross domestic product,_Z,Not applicable,_Z,Not applicable,_Z,Not applicable,PC,Percentage change,L,Chain linked volume,G1,"Growth rate, period on period",T0102,Table 0102 - GDP identity from the expenditure side,2024-Q3,,0.986313203,,,,,,F,Free (free for publication),1,One,A,Normal value,0,Units,_Z,Not applicable
DATAFLOW,OECD.SDD.NAD:DSD_NAMAIN1@DF_QNA_EXPENDITURE_GROWTH_OECD(1.1),Quarterly real GDP growth - OECD countries,I,Q,Quarterly,Y,Calendar and seasonally adjusted,ISR,Israel,S1,Total economy,S1,Total economy,B1GQ,Gross domestic product,_Z,Not applicable,_Z,Not applicable,_Z,Not applicable,PC,Percentage change,L,Chain linked volume,G1,"Growth rate, period on period",T0102,Table 0102 - GDP identity from the expenditure side,2024-Q2,,-0.06663708,,,,,,F,Free (free for publication),1,One,A,Normal value,0,Units,_Z,Not applicable
DATAFLOW,OECD.SDD.NAD:DSD_NAMAIN1@DF_QNA_EXPENDITURE_GROWTH_OECD(1.1),Quarterly real GDP growth - OECD countries,I,Q,Quarterly,Y,Calendar and seasonally adjusted,ISR,Israel,S1,Total economy,S1,Total economy,B1GQ,Gross domestic product,_Z,Not applicable,_Z,Not applicable,_Z,Not applicable,PC,Percentage change,L,Chain linked volume,G1,"Growth rate, period on period",T0102,Table 0102 - GDP identity from the expenditure side,2024-Q1,,3.941769353,,,,,,F,Free (free for publication),1,One,A,Normal value,0,Units,_Z,Not applicable
DATAFLOW,OECD.SDD.NAD:DSD_NAMAIN1@DF_QNA_EXPENDITURE_GROWTH_OECD(1.1),Quarterly real GDP growth - OECD countries,I,Q,Quarterly,Y,Calendar and seasonally adjusted,ISR,Israel,S1,Total economy,S1,Total economy,B1GQ,Gross domestic product,_Z,Not applicable,_Z,Not applicable,_Z,Not applicable,PC,Percentage change,L,Chain linked volume,G1,"Growth rate, period on period",T0102,Table 0102 - GDP identity from the expenditure side,2023-Q4,,-5.675557651,,,,,,F,Free (free for publication),1,One,A,Normal value,0,Units,_Z,Not applicable
DATAFLOW,OECD.SDD.NAD:DSD_NAMAIN1@DF_QNA_EXPENDITURE_GROWTH_OECD(1.1),Quarterly real GDP growth - OECD countries,I,Q,Quarterly,Y,Calendar and seasonally adjusted,ISR,Israel,S1,Total economy,S1,Total economy,B1GQ,Gross domestic product,_Z,Not applicable,_Z,Not applicable,_Z,Not applicable,PC,Percentage change,L,Chain linked volume,G1,"Growth rate, period on period",T0102,Table 0102 - GDP identity from the expenditure side,2023-Q3,,-0.043758374,,,,,,F,Free (free for publication),1,One,A,Normal value,0,Units,_Z,Not applicable
DATAFLOW,OECD.SDD.NAD:DSD_NAMAIN1@DF_QNA_EXPENDITURE_GROWTH_OECD(1.1),Quarterly real GDP growth - OECD countries,I,Q,Quarterly,Y,Calendar and seasonally adjusted,ISR,Israel,S1,Total economy,S1,Total economy,B1GQ,Gross domestic product,_Z,Not applicable,_Z,Not applicable,_Z,Not applicable,PC,Percentage change,L,Chain linked volume,G1,"Growth rate, period on period",T0102,Table 0102 - GDP identity from the expenditure side,2023-Q2,,0.733730735,,,,,,F,Free (free for publication),1,One,A,Normal value,0,Units,_Z,Not applicable
DATAFLOW,OECD.SDD.NAD:DSD_NAMAIN1@DF_QNA_EXPENDITURE_GROWTH_OECD(1.1),Quarterly real GDP growth - OECD countries,I,Q,Quarterly,Y,Calendar and seasonally adjusted,GBR,United Kingdom,S1,Total economy,S1,Total economy,B1GQ,Gross domestic product,_Z,Not applicable,_Z,Not applicable,_Z,Not applicable,PC,Percentage change,L,Chain linked volume,G1,"Growth rate, period on period",T0102,Table 0102 - GDP identity from the expenditure side,2023-Q2,,0.001890919,,,,,,F,Free (free for publication),1,One,A,Normal value,0,Units,_Z,Not applicable
DATAFLOW,OECD.SDD.NAD:DSD_NAMAIN1@DF_QNA_EXPENDITURE_GROWTH_OECD(1.1),Quarterly real GDP growth - OECD countries,I,Q,Quarterly,Y,Calendar and seasonally adjusted,GBR,United Kingdom,S1,Total economy,S1,Total economy,B1GQ,Gross domestic product,_Z,Not applicable,_Z,Not applicable,_Z,Not applicable,PC,Percentage change,L,Chain linked volume,G1,"Growth rate, period on period",T0102,Table 0102 - GDP identity from the expenditure side,2023-Q1,,0.089583688,,,,,,F,Free (free for publication),1,One,A,Normal value,0,Units,_Z,Not applicable
DATAFLOW,OECD.SDD.NAD:DSD_NAMAIN1@DF_QNA_EXPENDITURE_GROWTH_OECD(1.1),Quarterly real GDP growth - OECD countries,I,Q,Quarterly,Y,Calendar and seasonally adjusted,GBR,United Kingdom,S1,Total economy,S1,Total economy,B1GQ,Gross domestic product,_Z,Not applicable,_Z,Not applicable,_Z,Not applicable,PC,Percentage change,L,Chain linked volume,G1,"Growth rate, period on period",T0102,Table 0102 - GDP identity from the expenditure side,2022-Q4,,0.327068865,,,,,,F,Free (free for publication),1,One,A,Normal value,0,Units,_Z,Not applicable
DATAFLOW,OECD.SDD.NAD:DSD_NAMAIN1@DF_QNA_EXPENDITURE_GROWTH_OECD(1.1),Quarterly real GDP growth - OECD countries,I,Q,Quarterly,Y,Calendar and seasonally adjusted,GBR,United Kingdom,S1,Total economy,S1,Total economy,B1GQ,Gross domestic product,_Z,Not applicable,_Z,Not applicable,_Z,Not applicable,PC,Percentage change,L,Chain linked volume,G1,"Growth rate, period on period",T0102,Table 0102 - GDP identity from the expenditure side,2022-Q3,,0.113899547,,,,,,F,Free (free for publication),1,One,A,Normal value,0,Units,_Z,Not applicable
DATAFLOW,OECD.SDD.NAD:DSD_NAMAIN1@DF_QNA_EXPENDITURE_GROWTH_OECD(1.1),Quarterly real GDP growth - OECD countries,I,Q,Quarterly,Y,Calendar and seasonally adjusted,GBR,United Kingdom,S1,Total economy,S1,Total economy,B1GQ,Gross domestic product,_Z,Not applicable,_Z,Not applicable,_Z,Not applicable,PC,Percentage change,L,Chain linked volume,G1,"Growth rate, period on period",T0102,Table 0102 - GDP identity from the expenditure side,2024-Q4,,0.166093231,,,,,,F,Free (free for publication),1,One,A,Normal value,0,Units,_Z,Not applicable
DATAFLOW,OECD.SDD.NAD:DSD_NAMAIN1@DF_QNA_EXPENDITURE_GROWTH_OECD(1.1),Quarterly real GDP growth - OECD countries,I,Q,Quarterly,Y,Calendar and seasonally adjusted,GBR,United Kingdom,S1,Total economy,S1,Total economy,B1GQ,Gross domestic product,_Z,Not applicable,_Z,Not applicable,_Z,Not applicable,PC,Percentage change,L,Chain linked volume,G1,"Growth rate, period on period",T0102,Table 0102 - GDP identity from the expenditure side,2024-Q3,,0.141919433,,,,,,F,Free (free for publication),1,One,A,Normal value,0,Units,_Z,Not applicable
DATAFLOW,OECD.SDD.NAD:DSD_NAMAIN1@DF_QNA_EXPENDITURE_GROWTH_OECD(1.1),Quarterly real GDP growth - OECD countries,I,Q,Quarterly,Y,Calendar and seasonally adjusted,GBR,United Kingdom,S1,Total economy,S1,Total economy,B1GQ,Gross domestic product,_Z,Not applicable,_Z,Not applicable,_Z,Not applicable,PC,Percentage change,L,Chain linked volume,G1,"Growth rate, period on period",T0102,Table 0102 - GDP identity from the expenditure side,2024-Q2,,0.451571936,,,,,,F,Free (free for publication),1,One,A,Normal value,0,Units,_Z,Not applicable
DATAFLOW,OECD.SDD.NAD:DSD_NAMAIN1@DF_QNA_EXPENDITURE_GROWTH_OECD(1.1),Quarterly real GDP growth - OECD countries,I,Q,Quarterly,Y,Calendar and seasonally adjusted,GBR,United Kingdom,S1,Total economy,S1,Total economy,B1GQ,Gross domestic product,_Z,Not applicable,_Z,Not applicable,_Z,Not applicable,PC,Percentage change,L,Chain linked volume,G1,"Growth rate, period on period",T0102,Table 0102 - GDP identity from the expenditure side,2024-Q1,,0.695920548,,,,,,F,Free (free for publication),1,One,A,Normal value,0,Units,_Z,Not applicable
DATAFLOW,OECD.SDD.NAD:DSD_NAMAIN1@DF_QNA_EXPENDITURE_GROWTH_OECD(1.1),Quarterly real GDP growth - OECD countries,I,Q,Quarterly,Y,Calendar and seasonally adjusted,GBR,United Kingdom,S1,Total economy,S1,Total economy,B1GQ,Gross domestic product,_Z,Not applicable,_Z,Not applicable,_Z,Not applicable,PC,Percentage change,L,Chain linked volume,G1,"Growth rate, period on period",T0102,Table 0102 - GDP identity from the expenditure side,2023-Q4,,-0.336143202,,,,,,F,Free (free for publication),1,One,A,Normal value,0,Units,_Z,Not applicable
DATAFLOW,OECD.SDD.NAD:DSD_NAMAIN1@DF_QNA_EXPENDITURE_GROWTH_OECD(1.1),Quarterly real GDP growth - OECD countries,I,Q,Quarterly,Y,Calendar and seasonally adjusted,GBR,United Kingdom,S1,Total economy,S1,Total economy,B1GQ,Gross domestic product,_Z,Not applicable,_Z,Not applicable,_Z,Not applicable,PC,Percentage change,L,Chain linked volume,G1,"Growth rate, period on period",T0102,Table 0102 - GDP identity from the expenditure side,2023-Q3,,-0.105259177,,,,,,F,Free (free for publication),1,One,A,Normal value,0,Units,_Z,Not applicable
DATAFLOW,OECD.SDD.NAD:DSD_NAMAIN1@DF_QNA_EXPENDITURE_GROWTH_OECD(1.1),Quarterly real GDP growth - OECD countries,I,Q,Quarterly,Y,Calendar and seasonally adjusted,NLD,Netherlands,S1,Total economy,S1,Total economy,B1GQ,Gross domestic product,_Z,Not applicable,_Z,Not applicable,_Z,Not applicable,PC,Percentage change,L,Chain linked volume,G1,"Growth rate, period on period",T0102,Table 0102 - GDP identity from the expenditure side,2023-Q2,,-0.2260821,,,,,,F,Free (free for publication),1,One,A,Normal value,0,Units,_Z,Not applicable
DATAFLOW,OECD.SDD.NAD:DSD_NAMAIN1@DF_QNA_EXPENDITURE_GROWTH_OECD(1.1),Quarterly real GDP growth - OECD countries,I,Q,Quarterly,Y,Calendar and seasonally adjusted,NLD,Netherlands,S1,Total economy,S1,Total economy,B1GQ,Gross domestic product,_Z,Not applicable,_Z,Not applicable,_Z,Not applicable,PC,Percentage change,L,Chain linked volume,G1,"Growth rate, period on period",T0102,Table 0102 - GDP identity from the expenditure side,2023-Q1,,-0.160721396,,,,,,F,Free (free for publication),1,One,A,Normal value,0,Units,_Z,Not applicable
DATAFLOW,OECD.SDD.NAD:DSD_NAMAIN1@DF_QNA_EXPENDITURE_GROWTH_OECD(1.1),Quarterly real GDP growth - OECD countries,I,Q,Quarterly,Y,Calendar and seasonally adjusted,NLD,Netherlands,S1,Total economy,S1,Total economy,B1GQ,Gross domestic product,_Z,Not applicable,_Z,Not applicable,_Z,Not applicable,PC,Percentage change,L,Chain linked volume,G1,"Growth rate, period on period",T0102,Table 0102 - GDP identity from the expenditure side,2022-Q4,,-0.081401326,,,,,,F,Free (free for publication),1,One,A,Normal value,0,Units,_Z,Not applicable
DATAFLOW,OECD.SDD.NAD:DSD_NAMAIN1@DF_QNA_EXPENDITURE_GROWTH_OECD(1.1),Quarterly real GDP growth - OECD countries,I,Q,Quarterly,Y,Calendar and seasonally adjusted,NLD,Netherlands,S1,Total economy,S1,Total economy,B1GQ,Gross domestic product,_Z,Not applicable,_Z,Not applicable,_Z,Not applicable,PC,Percentage change,L,Chain linked volume,G1,"Growth rate, period on period",T0102,Table 0102 - GDP identity from the expenditure side,2022-Q3,,-0.015953337,,,,,,F,Free (free for publication),1,One,A,Normal value,0,Units,_Z,Not applicable
DATAFLOW,OECD.SDD.NAD:DSD_NAMAIN1@DF_QNA_EXPENDITURE_GROWTH_OECD(1.1),Quarterly real GDP growth - OECD countries,I,Q,Quarterly,Y,Calendar and seasonally adjusted,NLD,Netherlands,S1,Total economy,S1,Total economy,B1GQ,Gross domestic product,_Z,Not applicable,_Z,Not applicable,_Z,Not applicable,PC,Percentage change,L,Chain linked volume,G1,"Growth rate, period on period",T0102,Table 0102 - GDP identity from the expenditure side,2024-Q4,,0.406741588,,,,,,F,Free (free for publication),1,One,A,Normal value,0,Units,_Z,Not applicable
DATAFLOW,OECD.SDD.NAD:DSD_NAMAIN1@DF_QNA_EXPENDITURE_GROWTH_OECD(1.1),Quarterly real GDP growth - OECD countries,I,Q,Quarterly,Y,Calendar and seasonally adjusted,NLD,Netherlands,S1,Total economy,S1,Total economy,B1GQ,Gross domestic product,_Z,Not applicable,_Z,Not applicable,_Z,Not applicable,PC,Percentage change,L,Chain linked volume,G1,"Growth rate, period on period",T0102,Table 0102 - GDP identity from the expenditure side,2024-Q3,,0.787917707,,,,,,F,Free (free for publication),1,One,A,Normal value,0,Units,_Z,Not applicable
DATAFLOW,OECD.SDD.NAD:DSD_NAMAIN1@DF_QNA_EXPENDITURE_GROWTH_OECD(1.1),Quarterly real GDP growth - OECD countries,I,Q,Quarterly,Y,Calendar and seasonally adjusted,NLD,Netherlands,S1,Total economy,S1,Total economy,B1GQ,Gross domestic product,_Z,Not applicable,_Z,Not applicable,_Z,Not applicable,PC,Percentage change,L,Chain linked volume,G1,"Growth rate, period on period",T0102,Table 0102 - GDP identity from the expenditure side,2024-Q2,,1.053985907,,,,,,F,Free (free for publication),1,One,A,Normal value,0,Units,_Z,Not applicable
DATAFLOW,OECD.SDD.NAD:DSD_NAMAIN1@DF_QNA_EXPENDITURE_GROWTH_OECD(1.1),Quarterly real GDP growth - OECD countries,I,Q,Quarterly,Y,Calendar and seasonally adjusted,NLD,Netherlands,S1,Total economy,S1,Total economy,B1GQ,Gross domestic product,_Z,Not applicable,_Z,Not applicable,_Z,Not applicable,PC,Percentage change,L,Chain linked volume,G1,"Growth rate, period on period",T0102,Table 0102 - GDP identity from the expenditure side,2024-Q1,,-0.272272118,,,,,,F,Free (free for publication),1,One,A,Normal value,0,Units,_Z,Not applicable
DATAFLOW,OECD.SDD.NAD:DSD_NAMAIN1@DF_QNA_EXPENDITURE_GROWTH_OECD(1.1),Quarterly real GDP growth - OECD countries,I,Q,Quarterly,Y,Calendar and seasonally adjusted,NLD,Netherlands,S1,Total economy,S1,Total economy,B1GQ,Gross domestic product,_Z,Not applicable,_Z,Not applicable,_Z,Not applicable,PC,Percentage change,L,Chain linked volume,G1,"Growth rate, period on period",T0102,Table 0102 - GDP identity from the expenditure side,2023-Q4,,0.267107273,,,,,,F,Free (free for publication),1,One,A,Normal value,0,Units,_Z,Not applicable
DATAFLOW,OECD.SDD.NAD:DSD_NAMAIN1@DF_QNA_EXPENDITURE_GROWTH_OECD(1.1),Quarterly real GDP growth - OECD countries,I,Q,Quarterly,Y,Calendar and seasonally adjusted,NLD,Netherlands,S1,Total economy,S1,Total economy,B1GQ,Gross domestic product,_Z,Not applicable,_Z,Not applicable,_Z,Not applicable,PC,Percentage change,L,Chain linked volume,G1,"Growth rate, period on period",T0102,Table 0102 - GDP identity from the expenditure side,2023-Q3,,-0.452220445,,,,,,F,Free (free for publication),1,One,A,Normal value,0,Units,_Z,Not applicable
DATAFLOW,OECD.SDD.NAD:DSD_NAMAIN1@DF_QNA_EXPENDITURE_GROWTH_OECD(1.1),Quarterly real GDP growth - OECD countries,I,Q,Quarterly,Y,Calendar and seasonally adjusted,MEX,Mexico,S1,Total economy,S1,Total economy,B1GQ,Gross domestic product,_Z,Not applicable,_Z,Not applicable,_Z,Not applicable,PC,Percentage change,L,Chain linked volume,G1,"Growth rate, period on period",T0102,Table 0102 - GDP identity from the expenditure side,2023-Q3,,0.677018785,,,,,,F,Free (free for publication),1,One,P,Provisional value,0,Units,_Z,Not applicable
DATAFLOW,OECD.SDD.NAD:DSD_NAMAIN1@DF_QNA_EXPENDITURE_GROWTH_OECD(1.1),Quarterly real GDP growth - OECD countries,I,Q,Quarterly,Y,Calendar and seasonally adjusted,MEX,Mexico,S1,Total economy,S1,Total economy,B1GQ,Gross domestic product,_Z,Not applicable,_Z,Not applicable,_Z,Not applicable,PC,Percentage change,L,Chain linked volume,G1,"Growth rate, period on period",T0102,Table 0102 - GDP identity from the expenditure side,2023-Q2,,0.894662724,,,,,,F,Free (free for publication),1,One,P,Provisional value,0,Units,_Z,Not applicable
DATAFLOW,OECD.SDD.NAD:DSD_NAMAIN1@DF_QNA_EXPENDITURE_GROWTH_OECD(1.1),Quarterly real GDP growth - OECD countries,I,Q,Quarterly,Y,Calendar and seasonally adjusted,MEX,Mexico,S1,Total economy,S1,Total economy,B1GQ,Gross domestic product,_Z,Not applicable,_Z,Not applicable,_Z,Not applicable,PC,Percentage change,L,Chain linked volume,G1,"Growth rate, period on period",T0102,Table 0102 - GDP identity from the expenditure side,2023-Q1,,0.748667748,,,,,,F,Free (free for publication),1,One,P,Provisional value,0,Units,_Z,Not applicable
DATAFLOW,OECD.SDD.NAD:DSD_NAMAIN1@DF_QNA_EXPENDITURE_GROWTH_OECD(1.1),Quarterly real GDP growth - OECD countries,I,Q,Quarterly,Y,Calendar and seasonally adjusted,MEX,Mexico,S1,Total economy,S1,Total economy,B1GQ,Gross domestic product,_Z,Not applicable,_Z,Not applicable,_Z,Not applicable,PC,Percentage change,L,Chain linked volume,G1,"Growth rate, period on period",T0102,Table 0102 - GDP identity from the expenditure side,2024-Q4,,-0.599999991,,,,,,F,Free (free for publication),1,One,A,Normal value,0,Units,_Z,Not applicable
DATAFLOW,OECD.SDD.NAD:DSD_NAMAIN1@DF_QNA_EXPENDITURE_GROWTH_OECD(1.1),Quarterly real GDP growth - OECD countries,I,Q,Quarterly,Y,Calendar and seasonally adjusted,MEX,Mexico,S1,Total economy,S1,Total economy,B1GQ,Gross domestic product,_Z,Not applicable,_Z,Not applicable,_Z,Not applicable,PC,Percentage change,L,Chain linked volume,G1,"Growth rate, period on period",T0102,Table 0102 - GDP identity from the expenditure side,2024-Q3,,1.076084243,,,,,,F,Free (free for publication),1,One,P,Provisional value,0,Units,_Z,Not applicable
DATAFLOW,OECD.SDD.NAD:DSD_NAMAIN1@DF_QNA_EXPENDITURE_GROWTH_OECD(1.1),Quarterly real GDP growth - OECD countries,I,Q,Quarterly,Y,Calendar and seasonally adjusted,MEX,Mexico,S1,Total economy,S1,Total economy,B1GQ,Gross domestic product,_Z,Not applicable,_Z,Not applicable,_Z,Not applicable,PC,Percentage change,L,Chain linked volume,G1,"Growth rate, period on period",T0102,Table 0102 - GDP identity from the expenditure side,2024-Q2,,0.361322388,,,,,,F,Free (free for publication),1,One,P,Provisional value,0,Units,_Z,Not applicable
DATAFLOW,OECD.SDD.NAD:DSD_NAMAIN1@DF_QNA_EXPENDITURE_GROWTH_OECD(1.1),Quarterly real GDP growth - OECD countries,I,Q,Quarterly,Y,Calendar and seasonally adjusted,IDN,Indonesia,S1,Total economy,S1,Total economy,B1GQ,Gross domestic product,_Z,Not applicable,_Z,Not applicable,_Z,Not applicable,PC,Percentage change,L,Chain linked volume,G1,"Growth rate, period on period",T0102,Table 0102 - GDP identity from the expenditure side,2024-Q4,,1.209458003,,,,,,F,Free (free for publication),1,One,A,Normal value,0,Units,_Z,Not applicable
DATAFLOW,OECD.SDD.NAD:DSD_NAMAIN1@DF_QNA_EXPENDITURE_GROWTH_OECD(1.1),Quarterly real GDP growth - OECD countries,I,Q,Quarterly,Y,Calendar and seasonally adjusted,CHN,China (People’s Republic of),S1,Total economy,S1,Total economy,B1GQ,Gross domestic product,_Z,Not applicable,_Z,Not applicable,_Z,Not applicable,PC,Percentage change,L,Chain linked volume,G1,"Growth rate, period on period",T0102,Table 0102 - GDP identity from the expenditure side,2023-Q2,,1.2,,,,,,F,Free (free for publication),1,One,A,Normal value,0,Units,_Z,Not applicable
DATAFLOW,OECD.SDD.NAD:DSD_NAMAIN1@DF_QNA_EXPENDITURE_GROWTH_OECD(1.1),Quarterly real GDP growth - OECD countries,I,Q,Quarterly,Y,Calendar and seasonally adjusted,CHN,China (People’s Republic of),S1,Total economy,S1,Total economy,B1GQ,Gross domestic product,_Z,Not applicable,_Z,Not applicable,_Z,Not applicable,PC,Percentage change,L,Chain linked volume,G1,"Growth rate, period on period",T0102,Table 0102 - GDP identity from the expenditure side,2023-Q1,,1.7,,,,,,F,Free (free for publication),1,One,A,Normal value,0,Units,_Z,Not applicable
DATAFLOW,OECD.SDD.NAD:DSD_NAMAIN1@DF_QNA_EXPENDITURE_GROWTH_OECD(1.1),Quarterly real GDP growth - OECD countries,I,Q,Quarterly,Y,Calendar and seasonally adjusted,CHN,China (People’s Republic of),S1,Total economy,S1,Total economy,B1GQ,Gross domestic product,_Z,Not applicable,_Z,Not applicable,_Z,Not applicable,PC,Percentage change,L,Chain linked volume,G1,"Growth rate, period on period",T0102,Table 0102 - GDP identity from the expenditure side,2022-Q4,,0.5,,,,,,F,Free (free for publication),1,One,A,Normal value,0,Units,_Z,Not applicable
DATAFLOW,OECD.SDD.NAD:DSD_NAMAIN1@DF_QNA_EXPENDITURE_GROWTH_OECD(1.1),Quarterly real GDP growth - OECD countries,I,Q,Quarterly,Y,Calendar and seasonally adjusted,CHN,China (People’s Republic of),S1,Total economy,S1,Total economy,B1GQ,Gross domestic product,_Z,Not applicable,_Z,Not applicable,_Z,Not applicable,PC,Percentage change,L,Chain linked volume,G1,"Growth rate, period on period",T0102,Table 0102 - GDP identity from the expenditure side,2022-Q3,,3.1,,,,,,F,Free (free for publication),1,One,A,Normal value,0,Units,_Z,Not applicable
DATAFLOW,OECD.SDD.NAD:DSD_NAMAIN1@DF_QNA_EXPENDITURE_GROWTH_OECD(1.1),Quarterly real GDP growth - OECD countries,I,Q,Quarterly,Y,Calendar and seasonally adjusted,CHN,China (People’s Republic of),S1,Total economy,S1,Total economy,B1GQ,Gross domestic product,_Z,Not applicable,_Z,Not applicable,_Z,Not applicable,PC,Percentage change,L,Chain linked volume,G1,"Growth rate, period on period",T0102,Table 0102 - GDP identity from the expenditure side,2024-Q4,,1.6,,,,,,F,Free (free for publication),1,One,A,Normal value,0,Units,_Z,Not applicable
DATAFLOW,OECD.SDD.NAD:DSD_NAMAIN1@DF_QNA_EXPENDITURE_GROWTH_OECD(1.1),Quarterly real GDP growth - OECD countries,I,Q,Quarterly,Y,Calendar and seasonally adjusted,AUT,Austria,S1,Total economy,S1,Total economy,B1GQ,Gross domestic product,_Z,Not applicable,_Z,Not applicable,_Z,Not applicable,PC,Percentage change,L,Chain linked volume,G1,"Growth rate, period on period",T0102,Table 0102 - GDP identity from the expenditure side,2023-Q2,,-0.320077877,,,,,,F,Free (free for publication),1,One,A,Normal value,0,Units,_Z,Not applicable
DATAFLOW,OECD.SDD.NAD:DSD_NAMAIN1@DF_QNA_EXPENDITURE_GROWTH_OECD(1.1),Quarterly real GDP growth - OECD countries,I,Q,Quarterly,Y,Calendar and seasonally adjusted,AUT,Austria,S1,Total economy,S1,Total economy,B1GQ,Gross domestic product,_Z,Not applicable,_Z,Not applicable,_Z,Not applicable,PC,Percentage change,L,Chain linked volume,G1,"Growth rate, period on period",T0102,Table 0102 - GDP identity from the expenditure side,2023-Q1,,-0.69533937,,,,,,F,Free (free for publication),1,One,A,Normal value,0,Units,_Z,Not applicable
DATAFLOW,OECD.SDD.NAD:DSD_NAMAIN1@DF_QNA_EXPENDITURE_GROWTH_OECD(1.1),Quarterly real GDP growth - OECD countries,I,Q,Quarterly,Y,Calendar and seasonally adjusted,AUT,Austria,S1,Total economy,S1,Total economy,B1GQ,Gross domestic product,_Z,Not applicable,_Z,Not applicable,_Z,Not applicable,PC,Percentage change,L,Chain linked volume,G1,"Growth rate, period on period",T0102,Table 0102 - GDP identity from the expenditure side,2022-Q4,,-0.034207371,,,,,,F,Free (free for publication),1,One,A,Normal value,0,Units,_Z,Not applicable
DATAFLOW,OECD.SDD.NAD:DSD_NAMAIN1@DF_QNA_EXPENDITURE_GROWTH_OECD(1.1),Quarterly real GDP growth - OECD countries,I,Q,Quarterly,Y,Calendar and seasonally adjusted,AUT,Austria,S1,Total economy,S1,Total economy,B1GQ,Gross domestic product,_Z,Not applicable,_Z,Not applicable,_Z,Not applicable,PC,Percentage change,L,Chain linked volume,G1,"Growth rate, period on period",T0102,Table 0102 - GDP identity from the expenditure side,2022-Q3,,-0.062636638,,,,,,F,Free (free for publication),1,One,A,Normal value,0,Units,_Z,Not applicable
DATAFLOW,OECD.SDD.NAD:DSD_NAMAIN1@DF_QNA_EXPENDITURE_GROWTH_OECD(1.1),Quarterly real GDP growth - OECD countries,I,Q,Quarterly,Y,Calendar and seasonally adjusted,AUT,Austria,S1,Total economy,S1,Total economy,B1GQ,Gross domestic product,_Z,Not applicable,_Z,Not applicable,_Z,Not applicable,PC,Percentage change,L,Chain linked volume,G1,"Growth rate, period on period",T0102,Table 0102 - GDP identity from the expenditure side,2024-Q4,,-0.018835405,,,,,,F,Free (free for publication),1,One,A,Normal value,0,Units,_Z,Not applicable
DATAFLOW,OECD.SDD.NAD:DSD_NAMAIN1@DF_QNA_EXPENDITURE_GROWTH_OECD(1.1),Quarterly real GDP growth - OECD countries,I,Q,Quarterly,Y,Calendar and seasonally adjusted,AUT,Austria,S1,Total economy,S1,Total economy,B1GQ,Gross domestic product,_Z,Not applicable,_Z,Not applicable,_Z,Not applicable,PC,Percentage change,L,Chain linked volume,G1,"Growth rate, period on period",T0102,Table 0102 - GDP identity from the expenditure side,2024-Q3,,-0.119070415,,,,,,F,Free (free for publication),1,One,A,Normal value,0,Units,_Z,Not applicable
DATAFLOW,OECD.SDD.NAD:DSD_NAMAIN1@DF_QNA_EXPENDITURE_GROWTH_OECD(1.1),Quarterly real GDP growth - OECD countries,I,Q,Quarterly,Y,Calendar and seasonally adjusted,AUT,Austria,S1,Total economy,S1,Total economy,B1GQ,Gross domestic product,_Z,Not applicable,_Z,Not applicable,_Z,Not applicable,PC,Percentage change,L,Chain linked volume,G1,"Growth rate, period on period",T0102,Table 0102 - GDP identity from the expenditure side,2024-Q2,,-0.229125038,,,,,,F,Free (free for publication),1,One,A,Normal value,0,Units,_Z,Not applicable
DATAFLOW,OECD.SDD.NAD:DSD_NAMAIN1@DF_QNA_EXPENDITURE_GROWTH_OECD(1.1),Quarterly real GDP growth - OECD countries,I,Q,Quarterly,Y,Calendar and seasonally adjusted,AUT,Austria,S1,Total economy,S1,Total economy,B1GQ,Gross domestic product,_Z,Not applicable,_Z,Not applicable,_Z,Not applicable,PC,Percentage change,L,Chain linked volume,G1,"Growth rate, period on period",T0102,Table 0102 - GDP identity from the expenditure side,2024-Q1,,0.170241336,,,,,,F,Free (free for publication),1,One,A,Normal value,0,Units,_Z,Not applicable
DATAFLOW,OECD.SDD.NAD:DSD_NAMAIN1@DF_QNA_EXPENDITURE_GROWTH_OECD(1.1),Quarterly real GDP growth - OECD countries,I,Q,Quarterly,Y,Calendar and seasonally adjusted,AUT,Austria,S1,Total economy,S1,Total economy,B1GQ,Gross domestic product,_Z,Not applicable,_Z,Not applicable,_Z,Not applicable,PC,Percentage change,L,Chain linked volume,G1,"Growth rate, period on period",T0102,Table 0102 - GDP identity from the expenditure side,2023-Q4,,-0.576649499,,,,,,F,Free (free for publication),1,One,A,Normal value,0,Units,_Z,Not applicable
DATAFLOW,OECD.SDD.NAD:DSD_NAMAIN1@DF_QNA_EXPENDITURE_GROWTH_OECD(1.1),Quarterly real GDP growth - OECD countries,I,Q,Quarterly,Y,Calendar and seasonally adjusted,AUT,Austria,S1,Total economy,S1,Total economy,B1GQ,Gross domestic product,_Z,Not applicable,_Z,Not applicable,_Z,Not applicable,PC,Percentage change,L,Chain linked volume,G1,"Growth rate, period on period",T0102,Table 0102 - GDP identity from the expenditure side,2023-Q3,,-0.792176841,,,,,,F,Free (free for publication),1,One,A,Normal value,0,Units,_Z,Not applicable
DATAFLOW,OECD.SDD.NAD:DSD_NAMAIN1@DF_QNA_EXPENDITURE_GROWTH_OECD(1.1),Quarterly real GDP growth - OECD countries,I,Q,Quarterly,Y,Calendar and seasonally adjusted,SWE,Sweden,S1,Total economy,S1,Total economy,B1GQ,Gross domestic product,_Z,Not applicable,_Z,Not applicable,_Z,Not applicable,PC,Percentage change,L,Chain linked volume,G1,"Growth rate, period on period",T0102,Table 0102 - GDP identity from the expenditure side,2023-Q2,,-0.487875215,,,,,,F,Free (free for publication),1,One,A,Normal value,0,Units,_Z,Not applicable
DATAFLOW,OECD.SDD.NAD:DSD_NAMAIN1@DF_QNA_EXPENDITURE_GROWTH_OECD(1.1),Quarterly real GDP growth - OECD countries,I,Q,Quarterly,Y,Calendar and seasonally adjusted,SWE,Sweden,S1,Total economy,S1,Total economy,B1GQ,Gross domestic product,_Z,Not applicable,_Z,Not applicable,_Z,Not applicable,PC,Percentage change,L,Chain linked volume,G1,"Growth rate, period on period",T0102,Table 0102 - GDP identity from the expenditure side,2023-Q1,,0.568767582,,,,,,F,Free (free for publication),1,One,A,Normal value,0,Units,_Z,Not applicable
DATAFLOW,OECD.SDD.NAD:DSD_NAMAIN1@DF_QNA_EXPENDITURE_GROWTH_OECD(1.1),Quarterly real GDP growth - OECD countries,I,Q,Quarterly,Y,Calendar and seasonally adjusted,SWE,Sweden,S1,Total economy,S1,Total economy,B1GQ,Gross domestic product,_Z,Not applicable,_Z,Not applicable,_Z,Not applicable,PC,Percentage change,L,Chain linked volume,G1,"Growth rate, period on period",T0102,Table 0102 - GDP identity from the expenditure side,2022-Q4,,-0.69981556,,,,,,F,Free (free for publication),1,One,A,Normal value,0,Units,_Z,Not applicable
DATAFLOW,OECD.SDD.NAD:DSD_NAMAIN1@DF_QNA_EXPENDITURE_GROWTH_OECD(1.1),Quarterly real GDP growth - OECD countries,I,Q,Quarterly,Y,Calendar and seasonally adjusted,SWE,Sweden,S1,Total economy,S1,Total economy,B1GQ,Gross domestic product,_Z,Not applicable,_Z,Not applicable,_Z,Not applicable,PC,Percentage change,L,Chain linked volume,G1,"Growth rate, period on period",T0102,Table 0102 - GDP identity from the expenditure side,2022-Q3,,0.243160364,,,,,,F,Free (free for publication),1,One,A,Normal value,0,Units,_Z,Not applicable
DATAFLOW,OECD.SDD.NAD:DSD_NAMAIN1@DF_QNA_EXPENDITURE_GROWTH_OECD(1.1),Quarterly real GDP growth - OECD countries,I,Q,Quarterly,Y,Calendar and seasonally adjusted,SWE,Sweden,S1,Total economy,S1,Total economy,B1GQ,Gross domestic product,_Z,Not applicable,_Z,Not applicable,_Z,Not applicable,PC,Percentage change,L,Chain linked volume,G1,"Growth rate, period on period",T0102,Table 0102 - GDP identity from the expenditure side,2024-Q4,,0.195287914,,,,,,F,Free (free for publication),1,One,A,Normal value,0,Units,_Z,Not applicable
DATAFLOW,OECD.SDD.NAD:DSD_NAMAIN1@DF_QNA_EXPENDITURE_GROWTH_OECD(1.1),Quarterly real GDP growth - OECD countries,I,Q,Quarterly,Y,Calendar and seasonally adjusted,SWE,Sweden,S1,Total economy,S1,Total economy,B1GQ,Gross domestic product,_Z,Not applicable,_Z,Not applicable,_Z,Not applicable,PC,Percentage change,L,Chain linked volume,G1,"Growth rate, period on period",T0102,Table 0102 - GDP identity from the expenditure side,2024-Q3,,0.339384004,,,,,,F,Free (free for publication),1,One,A,Normal value,0,Units,_Z,Not applicable
DATAFLOW,OECD.SDD.NAD:DSD_NAMAIN1@DF_QNA_EXPENDITURE_GROWTH_OECD(1.1),Quarterly real GDP growth - OECD countries,I,Q,Quarterly,Y,Calendar and seasonally adjusted,SWE,Sweden,S1,Total economy,S1,Total economy,B1GQ,Gross domestic product,_Z,Not applicable,_Z,Not applicable,_Z,Not applicable,PC,Percentage change,L,Chain linked volume,G1,"Growth rate, period on period",T0102,Table 0102 - GDP identity from the expenditure side,2024-Q2,,0.021218006,,,,,,F,Free (free for publication),1,One,A,Normal value,0,Units,_Z,Not applicable
DATAFLOW,OECD.SDD.NAD:DSD_NAMAIN1@DF_QNA_EXPENDITURE_GROWTH_OECD(1.1),Quarterly real GDP growth - OECD countries,I,Q,Quarterly,Y,Calendar and seasonally adjusted,SWE,Sweden,S1,Total economy,S1,Total economy,B1GQ,Gross domestic product,_Z,Not applicable,_Z,Not applicable,_Z,Not applicable,PC,Percentage change,L,Chain linked volume,G1,"Growth rate, period on period",T0102,Table 0102 - GDP identity from the expenditure side,2024-Q1,,0.636913927,,,,,,F,Free (free for publication),1,One,A,Normal value,0,Units,_Z,Not applicable
DATAFLOW,OECD.SDD.NAD:DSD_NAMAIN1@DF_QNA_EXPENDITURE_GROWTH_OECD(1.1),Quarterly real GDP growth - OECD countries,I,Q,Quarterly,Y,Calendar and seasonally adjusted,SWE,Sweden,S1,Total economy,S1,Total economy,B1GQ,Gross domestic product,_Z,Not applicable,_Z,Not applicable,_Z,Not applicable,PC,Percentage change,L,Chain linked volume,G1,"Growth rate, period on period",T0102,Table 0102 - GDP identity from the expenditure side,2023-Q4,,-0.301120996,,,,,,F,Free (free for publication),1,One,A,Normal value,0,Units,_Z,Not applicable
DATAFLOW,OECD.SDD.NAD:DSD_NAMAIN1@DF_QNA_EXPENDITURE_GROWTH_OECD(1.1),Quarterly real GDP growth - OECD countries,I,Q,Quarterly,Y,Calendar and seasonally adjusted,SWE,Sweden,S1,Total economy,S1,Total economy,B1GQ,Gross domestic product,_Z,Not applicable,_Z,Not applicable,_Z,Not applicable,PC,Percentage change,L,Chain linked volume,G1,"Growth rate, period on period",T0102,Table 0102 - GDP identity from the expenditure side,2023-Q3,,0.126044191,,,,,,F,Free (free for publication),1,One,A,Normal value,0,Units,_Z,Not applicable
DATAFLOW,OECD.SDD.NAD:DSD_NAMAIN1@DF_QNA_EXPENDITURE_GROWTH_OECD(1.1),Quarterly real GDP growth - OECD countries,I,Q,Quarterly,Y,Calendar and seasonally adjusted,JPN,Japan,S1,Total economy,S1,Total economy,B1GQ,Gross domestic product,_Z,Not applicable,_Z,Not applicable,_Z,Not applicable,PC,Percentage change,L,Chain linked volume,G1,"Growth rate, period on period",T0102,Table 0102 - GDP identity from the expenditure side,2023-Q2,,0.512580728,,,,,,F,Free (free for publication),1,One,A,Normal value,0,Units,_Z,Not applicable
DATAFLOW,OECD.SDD.NAD:DSD_NAMAIN1@DF_QNA_EXPENDITURE_GROWTH_OECD(1.1),Quarterly real GDP growth - OECD countries,I,Q,Quarterly,Y,Calendar and seasonally adjusted,JPN,Japan,S1,Total economy,S1,Total economy,B1GQ,Gross domestic product,_Z,Not applicable,_Z,Not applicable,_Z,Not applicable,PC,Percentage change,L,Chain linked volume,G1,"Growth rate, period on period",T0102,Table 0102 - GDP identity from the expenditure side,2023-Q1,,1.224789172,,,,,,F,Free (free for publication),1,One,A,Normal value,0,Units,_Z,Not applicable
DATAFLOW,OECD.SDD.NAD:DSD_NAMAIN1@DF_QNA_EXPENDITURE_GROWTH_OECD(1.1),Quarterly real GDP growth - OECD countries,I,Q,Quarterly,Y,Calendar and seasonally adjusted,JPN,Japan,S1,Total economy,S1,Total economy,B1GQ,Gross domestic product,_Z,Not applicable,_Z,Not applicable,_Z,Not applicable,PC,Percentage change,L,Chain linked volume,G1,"Growth rate, period on period",T0102,Table 0102 - GDP identity from the expenditure side,2022-Q4,,0.367701792,,,,,,F,Free (free for publication),1,One,A,Normal value,0,Units,_Z,Not applicable
DATAFLOW,OECD.SDD.NAD:DSD_NAMAIN1@DF_QNA_EXPENDITURE_GROWTH_OECD(1.1),Quarterly real GDP growth - OECD countries,I,Q,Quarterly,Y,Calendar and seasonally adjusted,JPN,Japan,S1,Total economy,S1,Total economy,B1GQ,Gross domestic product,_Z,Not applicable,_Z,Not applicable,_Z,Not applicable,PC,Percentage change,L,Chain linked volume,G1,"Growth rate, period on period",T0102,Table 0102 - GDP identity from the expenditure side,2022-Q3,,-0.420428736,,,,,,F,Free (free for publication),1,One,A,Normal value,0,Units,_Z,Not applicable
DATAFLOW,OECD.SDD.NAD:DSD_NAMAIN1@DF_QNA_EXPENDITURE_GROWTH_OECD(1.1),Quarterly real GDP growth - OECD countries,I,Q,Quarterly,Y,Calendar and seasonally adjusted,JPN,Japan,S1,Total economy,S1,Total economy,B1GQ,Gross domestic product,_Z,Not applicable,_Z,Not applicable,_Z,Not applicable,PC,Percentage change,L,Chain linked volume,G1,"Growth rate, period on period",T0102,Table 0102 - GDP identity from the expenditure side,2024-Q3,,0.308456482,,,,,,F,Free (free for publication),1,One,A,Normal value,0,Units,_Z,Not applicable
DATAFLOW,OECD.SDD.NAD:DSD_NAMAIN1@DF_QNA_EXPENDITURE_GROWTH_OECD(1.1),Quarterly real GDP growth - OECD countries,I,Q,Quarterly,Y,Calendar and seasonally adjusted,JPN,Japan,S1,Total economy,S1,Total economy,B1GQ,Gross domestic product,_Z,Not applicable,_Z,Not applicable,_Z,Not applicable,PC,Percentage change,L,Chain linked volume,G1,"Growth rate, period on period",T0102,Table 0102 - GDP identity from the expenditure side,2024-Q2,,0.539070287,,,,,,F,Free (free for publication),1,One,A,Normal value,0,Units,_Z,Not applicable
DATAFLOW,OECD.SDD.NAD:DSD_NAMAIN1@DF_QNA_EXPENDITURE_GROWTH_OECD(1.1),Quarterly real GDP growth - OECD countries,I,Q,Quarterly,Y,Calendar and seasonally adjusted,JPN,Japan,S1,Total economy,S1,Total economy,B1GQ,Gross domestic product,_Z,Not applicable,_Z,Not applicable,_Z,Not applicable,PC,Percentage change,L,Chain linked volume,G1,"Growth rate, period on period",T0102,Table 0102 - GDP identity from the expenditure side,2024-Q1,,-0.556376203,,,,,,F,Free (free for publication),1,One,A,Normal value,0,Units,_Z,Not applicable
DATAFLOW,OECD.SDD.NAD:DSD_NAMAIN1@DF_QNA_EXPENDITURE_GROWTH_OECD(1.1),Quarterly real GDP growth - OECD countries,I,Q,Quarterly,Y,Calendar and seasonally adjusted,JPN,Japan,S1,Total economy,S1,Total economy,B1GQ,Gross domestic product,_Z,Not applicable,_Z,Not applicable,_Z,Not applicable,PC,Percentage change,L,Chain linked volume,G1,"Growth rate, period on period",T0102,Table 0102 - GDP identity from the expenditure side,2023-Q4,,0.165595334,,,,,,F,Free (free for publication),1,One,A,Normal value,0,Units,_Z,Not applicable
DATAFLOW,OECD.SDD.NAD:DSD_NAMAIN1@DF_QNA_EXPENDITURE_GROWTH_OECD(1.1),Quarterly real GDP growth - OECD countries,I,Q,Quarterly,Y,Calendar and seasonally adjusted,JPN,Japan,S1,Total economy,S1,Total economy,B1GQ,Gross domestic product,_Z,Not applicable,_Z,Not applicable,_Z,Not applicable,PC,Percentage change,L,Chain linked volume,G1,"Growth rate, period on period",T0102,Table 0102 - GDP identity from the expenditure side,2023-Q3,,-1.03568982,,,,,,F,Free (free for publication),1,One,A,Normal value,0,Units,_Z,Not applicable
DATAFLOW,OECD.SDD.NAD:DSD_NAMAIN1@DF_QNA_EXPENDITURE_GROWTH_OECD(1.1),Quarterly real GDP growth - OECD countries,I,Q,Quarterly,Y,Calendar and seasonally adjusted,USA,United States,S1,Total economy,S1,Total economy,B1GQ,Gross domestic product,_Z,Not applicable,_Z,Not applicable,_Z,Not applicable,PC,Percentage change,L,Chain linked volume,G1,"Growth rate, period on period",T0102,Table 0102 - GDP identity from the expenditure side,2023-Q2,,0.606973886,,,,,,F,Free (free for publication),1,One,A,Normal value,0,Units,_Z,Not applicable
DATAFLOW,OECD.SDD.NAD:DSD_NAMAIN1@DF_QNA_EXPENDITURE_GROWTH_OECD(1.1),Quarterly real GDP growth - OECD countries,I,Q,Quarterly,Y,Calendar and seasonally adjusted,USA,United States,S1,Total economy,S1,Total economy,B1GQ,Gross domestic product,_Z,Not applicable,_Z,Not applicable,_Z,Not applicable,PC,Percentage change,L,Chain linked volume,G1,"Growth rate, period on period",T0102,Table 0102 - GDP identity from the expenditure side,2023-Q1,,0.692043793,,,,,,F,Free (free for publication),1,One,A,Normal value,0,Units,_Z,Not applicable
DATAFLOW,OECD.SDD.NAD:DSD_NAMAIN1@DF_QNA_EXPENDITURE_GROWTH_OECD(1.1),Quarterly real GDP growth - OECD countries,I,Q,Quarterly,Y,Calendar and seasonally adjusted,USA,United States,S1,Total economy,S1,Total economy,B1GQ,Gross domestic product,_Z,Not applicable,_Z,Not applicable,_Z,Not applicable,PC,Percentage change,L,Chain linked volume,G1,"Growth rate, period on period",T0102,Table 0102 - GDP identity from the expenditure side,2022-Q4,,0.827827925,,,,,,F,Free (free for publication),1,One,A,Normal value,0,Units,_Z,Not applicable
DATAFLOW,OECD.SDD.NAD:DSD_NAMAIN1@DF_QNA_EXPENDITURE_GROWTH_OECD(1.1),Quarterly real GDP growth - OECD countries,I,Q,Quarterly,Y,Calendar and seasonally adjusted,USA,United States,S1,Total economy,S1,Total economy,B1GQ,Gross domestic product,_Z,Not applicable,_Z,Not applicable,_Z,Not applicable,PC,Percentage change,L,Chain linked volume,G1,"Growth rate, period on period",T0102,Table 0102 - GDP identity from the expenditure side,2022-Q3,,0.673208201,,,,,,F,Free (free for publication),1,One,A,Normal value,0,Units,_Z,Not applicable
DATAFLOW,OECD.SDD.NAD:DSD_NAMAIN1@DF_QNA_EXPENDITURE_GROWTH_OECD(1.1),Quarterly real GDP growth - OECD countries,I,Q,Quarterly,Y,Calendar and seasonally adjusted,USA,United States,S1,Total economy,S1,Total economy,B1GQ,Gross domestic product,_Z,Not applicable,_Z,Not applicable,_Z,Not applicable,PC,Percentage change,L,Chain linked volume,G1,"Growth rate, period on period",T0102,Table 0102 - GDP identity from the expenditure side,2024-Q4,,0.558176748,,,,,,F,Free (free for publication),1,One,A,Normal value,0,Units,_Z,Not applicable
DATAFLOW,OECD.SDD.NAD:DSD_NAMAIN1@DF_QNA_EXPENDITURE_GROWTH_OECD(1.1),Quarterly real GDP growth - OECD countries,I,Q,Quarterly,Y,Calendar and seasonally adjusted,USA,United States,S1,Total economy,S1,Total economy,B1GQ,Gross domestic product,_Z,Not applicable,_Z,Not applicable,_Z,Not applicable,PC,Percentage change,L,Chain linked volume,G1,"Growth rate, period on period",T0102,Table 0102 - GDP identity from the expenditure side,2024-Q3,,0.75951048,,,,,,F,Free (free for publication),1,One,A,Normal value,0,Units,_Z,Not applicable
DATAFLOW,OECD.SDD.NAD:DSD_NAMAIN1@DF_QNA_EXPENDITURE_GROWTH_OECD(1.1),Quarterly real GDP growth - OECD countries,I,Q,Quarterly,Y,Calendar and seasonally adjusted,USA,United States,S1,Total economy,S1,Total economy,B1GQ,Gross domestic product,_Z,Not applicable,_Z,Not applicable,_Z,Not applicable,PC,Percentage change,L,Chain linked volume,G1,"Growth rate, period on period",T0102,Table 0102 - GDP identity from the expenditure side,2024-Q2,,0.738979623,,,,,,F,Free (free for publication),1,One,A,Normal value,0,Units,_Z,Not applicable
DATAFLOW,OECD.SDD.NAD:DSD_NAMAIN1@DF_QNA_EXPENDITURE_GROWTH_OECD(1.1),Quarterly real GDP growth - OECD countries,I,Q,Quarterly,Y,Calendar and seasonally adjusted,USA,United States,S1,Total economy,S1,Total economy,B1GQ,Gross domestic product,_Z,Not applicable,_Z,Not applicable,_Z,Not applicable,PC,Percentage change,L,Chain linked volume,G1,"Growth rate, period on period",T0102,Table 0102 - GDP identity from the expenditure side,2024-Q1,,0.404802139,,,,,,F,Free (free for publication),1,One,A,Normal value,0,Units,_Z,Not applicable
DATAFLOW,OECD.SDD.NAD:DSD_NAMAIN1@DF_QNA_EXPENDITURE_GROWTH_OECD(1.1),Quarterly real GDP growth - OECD countries,I,Q,Quarterly,Y,Calendar and seasonally adjusted,USA,United States,S1,Total economy,S1,Total economy,B1GQ,Gross domestic product,_Z,Not applicable,_Z,Not applicable,_Z,Not applicable,PC,Percentage change,L,Chain linked volume,G1,"Growth rate, period on period",T0102,Table 0102 - GDP identity from the expenditure side,2023-Q4,,0.788672703,,,,,,F,Free (free for publication),1,One,A,Normal value,0,Units,_Z,Not applicable
DATAFLOW,OECD.SDD.NAD:DSD_NAMAIN1@DF_QNA_EXPENDITURE_GROWTH_OECD(1.1),Quarterly real GDP growth - OECD countries,I,Q,Quarterly,Y,Calendar and seasonally adjusted,USA,United States,S1,Total economy,S1,Total economy,B1GQ,Gross domestic product,_Z,Not applicable,_Z,Not applicable,_Z,Not applicable,PC,Percentage change,L,Chain linked volume,G1,"Growth rate, period on period",T0102,Table 0102 - GDP identity from the expenditure side,2023-Q3,,1.071522787,,,,,,F,Free (free for publication),1,One,A,Normal value,0,Units,_Z,Not applicable
DATAFLOW,OECD.SDD.NAD:DSD_NAMAIN1@DF_QNA_EXPENDITURE_GROWTH_OECD(1.1),Quarterly real GDP growth - OECD countries,I,Q,Quarterly,Y,Calendar and seasonally adjusted,IND,India,S1,Total economy,S1,Total economy,B1GQ,Gross domestic product,_Z,Not applicable,_Z,Not applicable,_Z,Not applicable,PC,Percentage change,L,Chain linked volume,G1,"Growth rate, period on period",T0102,Table 0102 - GDP identity from the expenditure side,2023-Q2,,2.39784,,,,,,F,Free (free for publication),1,One,A,Normal value,0,Units,_Z,Not applicable
DATAFLOW,OECD.SDD.NAD:DSD_NAMAIN1@DF_QNA_EXPENDITURE_GROWTH_OECD(1.1),Quarterly real GDP growth - OECD countries,I,Q,Quarterly,Y,Calendar and seasonally adjusted,IND,India,S1,Total economy,S1,Total economy,B1GQ,Gross domestic product,_Z,Not applicable,_Z,Not applicable,_Z,Not applicable,PC,Percentage change,L,Chain linked volume,G1,"Growth rate, period on period",T0102,Table 0102 - GDP identity from the expenditure side,2023-Q1,,2.26171,,,,,,F,Free (free for publication),1,One,A,Normal value,0,Units,_Z,Not applicable
DATAFLOW,OECD.SDD.NAD:DSD_NAMAIN1@DF_QNA_EXPENDITURE_GROWTH_OECD(1.1),Quarterly real GDP growth - OECD countries,I,Q,Quarterly,Y,Calendar and seasonally adjusted,IND,India,S1,Total economy,S1,Total economy,B1GQ,Gross domestic product,_Z,Not applicable,_Z,Not applicable,_Z,Not applicable,PC,Percentage change,L,Chain linked volume,G1,"Growth rate, period on period",T0102,Table 0102 - GDP identity from the expenditure side,2022-Q4,,1.16448,,,,,,F,Free (free for publication),1,One,A,Normal value,0,Units,_Z,Not applicable
DATAFLOW,OECD.SDD.NAD:DSD_NAMAIN1@DF_QNA_EXPENDITURE_GROWTH_OECD(1.1),Quarterly real GDP growth - OECD countries,I,Q,Quarterly,Y,Calendar and seasonally adjusted,IND,India,S1,Total economy,S1,Total economy,B1GQ,Gross domestic product,_Z,Not applicable,_Z,Not applicable,_Z,Not applicable,PC,Percentage change,L,Chain linked volume,G1,"Growth rate, period on period",T0102,Table 0102 - GDP identity from the expenditure side,2022-Q3,,1.87025,,,,,,F,Free (free for publication),1,One,A,Normal value,0,Units,_Z,Not applicable
DATAFLOW,OECD.SDD.NAD:DSD_NAMAIN1@DF_QNA_EXPENDITURE_GROWTH_OECD(1.1),Quarterly real GDP growth - OECD countries,I,Q,Quarterly,Y,Calendar and seasonally adjusted,IND,India,S1,Total economy,S1,Total economy,B1GQ,Gross domestic product,_Z,Not applicable,_Z,Not applicable,_Z,Not applicable,PC,Percentage change,L,Chain linked volume,G1,"Growth rate, period on period",T0102,Table 0102 - GDP identity from the expenditure side,2024-Q3,,1.13706,,,,,,F,Free (free for publication),1,One,A,Normal value,0,Units,_Z,Not applicable
DATAFLOW,OECD.SDD.NAD:DSD_NAMAIN1@DF_QNA_EXPENDITURE_GROWTH_OECD(1.1),Quarterly real GDP growth - OECD countries,I,Q,Quarterly,Y,Calendar and seasonally adjusted,IND,India,S1,Total economy,S1,Total economy,B1GQ,Gross domestic product,_Z,Not applicable,_Z,Not applicable,_Z,Not applicable,PC,Percentage change,L,Chain linked volume,G1,"Growth rate, period on period",T0102,Table 0102 - GDP identity from the expenditure side,2024-Q2,,1.12667,,,,,,F,Free (free for publication),1,One,A,Normal value,0,Units,_Z,Not applicable
DATAFLOW,OECD.SDD.NAD:DSD_NAMAIN1@DF_QNA_EXPENDITURE_GROWTH_OECD(1.1),Quarterly real GDP growth - OECD countries,I,Q,Quarterly,Y,Calendar and seasonally adjusted,IND,India,S1,Total economy,S1,Total economy,B1GQ,Gross domestic product,_Z,Not applicable,_Z,Not applicable,_Z,Not applicable,PC,Percentage change,L,Chain linked volume,G1,"Growth rate, period on period",T0102,Table 0102 - GDP identity from the expenditure side,2024-Q1,,1.54434,,,,,,F,Free (free for publication),1,One,A,Normal value,0,Units,_Z,Not applicable
DATAFLOW,OECD.SDD.NAD:DSD_NAMAIN1@DF_QNA_EXPENDITURE_GROWTH_OECD(1.1),Quarterly real GDP growth - OECD countries,I,Q,Quarterly,Y,Calendar and seasonally adjusted,IND,India,S1,Total economy,S1,Total economy,B1GQ,Gross domestic product,_Z,Not applicable,_Z,Not applicable,_Z,Not applicable,PC,Percentage change,L,Chain linked volume,G1,"Growth rate, period on period",T0102,Table 0102 - GDP identity from the expenditure side,2023-Q4,,1.83367,,,,,,F,Free (free for publication),1,One,A,Normal value,0,Units,_Z,Not applicable
DATAFLOW,OECD.SDD.NAD:DSD_NAMAIN1@DF_QNA_EXPENDITURE_GROWTH_OECD(1.1),Quarterly real GDP growth - OECD countries,I,Q,Quarterly,Y,Calendar and seasonally adjusted,IND,India,S1,Total economy,S1,Total economy,B1GQ,Gross domestic product,_Z,Not applicable,_Z,Not applicable,_Z,Not applicable,PC,Percentage change,L,Chain linked volume,G1,"Growth rate, period on period",T0102,Table 0102 - GDP identity from the expenditure side,2023-Q3,,1.9595,,,,,,F,Free (free for publication),1,One,A,Normal value,0,Units,_Z,Not applicable
DATAFLOW,OECD.SDD.NAD:DSD_NAMAIN1@DF_QNA_EXPENDITURE_GROWTH_OECD(1.1),Quarterly real GDP growth - OECD countries,I,Q,Quarterly,Y,Calendar and seasonally adjusted,FRA,France,S1,Total economy,S1,Total economy,B1GQ,Gross domestic product,_Z,Not applicable,_Z,Not applicable,_Z,Not applicable,PC,Percentage change,L,Chain linked volume,G1,"Growth rate, period on period",T0102,Table 0102 - GDP identity from the expenditure side,2023-Q2,,0.722747274,,,,,,F,Free (free for publication),1,One,A,Normal value,0,Units,_Z,Not applicable
DATAFLOW,OECD.SDD.NAD:DSD_NAMAIN1@DF_QNA_EXPENDITURE_GROWTH_OECD(1.1),Quarterly real GDP growth - OECD countries,I,Q,Quarterly,Y,Calendar and seasonally adjusted,FRA,France,S1,Total economy,S1,Total economy,B1GQ,Gross domestic product,_Z,Not applicable,_Z,Not applicable,_Z,Not applicable,PC,Percentage change,L,Chain linked volume,G1,"Growth rate, period on period",T0102,Table 0102 - GDP identity from the expenditure side,2023-Q1,,-0.076639968,,,,,,F,Free (free for publication),1,One,A,Normal value,0,Units,_Z,Not applicable
DATAFLOW,OECD.SDD.NAD:DSD_NAMAIN1@DF_QNA_EXPENDITURE_GROWTH_OECD(1.1),Quarterly real GDP growth - OECD countries,I,Q,Quarterly,Y,Calendar and seasonally adjusted,FRA,France,S1,Total economy,S1,Total economy,B1GQ,Gross domestic product,_Z,Not applicable,_Z,Not applicable,_Z,Not applicable,PC,Percentage change,L,Chain linked volume,G1,"Growth rate, period on period",T0102,Table 0102 - GDP identity from the expenditure side,2022-Q4,,0.107354649,,,,,,F,Free (free for publication),1,One,A,Normal value,0,Units,_Z,Not applicable
DATAFLOW,OECD.SDD.NAD:DSD_NAMAIN1@DF_QNA_EXPENDITURE_GROWTH_OECD(1.1),Quarterly real GDP growth - OECD countries,I,Q,Quarterly,Y,Calendar and seasonally adjusted,FRA,France,S1,Total economy,S1,Total economy,B1GQ,Gross domestic product,_Z,Not applicable,_Z,Not applicable,_Z,Not applicable,PC,Percentage change,L,Chain linked volume,G1,"Growth rate, period on period",T0102,Table 0102 - GDP identity from the expenditure side,2022-Q3,,0.516579311,,,,,,F,Free (free for publication),1,One,A,Normal value,0,Units,_Z,Not applicable
DATAFLOW,OECD.SDD.NAD:DSD_NAMAIN1@DF_QNA_EXPENDITURE_GROWTH_OECD(1.1),Quarterly real GDP growth - OECD countries,I,Q,Quarterly,Y,Calendar and seasonally adjusted,FRA,France,S1,Total economy,S1,Total economy,B1GQ,Gross domestic product,_Z,Not applicable,_Z,Not applicable,_Z,Not applicable,PC,Percentage change,L,Chain linked volume,G1,"Growth rate, period on period",T0102,Table 0102 - GDP identity from the expenditure side,2024-Q4,,-0.079996583,,,,,,F,Free (free for publication),1,One,A,Normal value,0,Units,_Z,Not applicable
DATAFLOW,OECD.SDD.NAD:DSD_NAMAIN1@DF_QNA_EXPENDITURE_GROWTH_OECD(1.1),Quarterly real GDP growth - OECD countries,I,Q,Quarterly,Y,Calendar and seasonally adjusted,FRA,France,S1,Total economy,S1,Total economy,B1GQ,Gross domestic product,_Z,Not applicable,_Z,Not applicable,_Z,Not applicable,PC,Percentage change,L,Chain linked volume,G1,"Growth rate, period on period",T0102,Table 0102 - GDP identity from the expenditure side,2024-Q3,,0.422857249,,,,,,F,Free (free for publication),1,One,A,Normal value,0,Units,_Z,Not applicable
DATAFLOW,OECD.SDD.NAD:DSD_NAMAIN1@DF_QNA_EXPENDITURE_GROWTH_OECD(1.1),Quarterly real GDP growth - OECD countries,I,Q,Quarterly,Y,Calendar and seasonally adjusted,FRA,France,S1,Total economy,S1,Total economy,B1GQ,Gross domestic product,_Z,Not applicable,_Z,Not applicable,_Z,Not applicable,PC,Percentage change,L,Chain linked volume,G1,"Growth rate, period on period",T0102,Table 0102 - GDP identity from the expenditure side,2024-Q2,,0.250331184,,,,,,F,Free (free for publication),1,One,A,Normal value,0,Units,_Z,Not applicable
DATAFLOW,OECD.SDD.NAD:DSD_NAMAIN1@DF_QNA_EXPENDITURE_GROWTH_OECD(1.1),Quarterly real GDP growth - OECD countries,I,Q,Quarterly,Y,Calendar and seasonally adjusted,FRA,France,S1,Total economy,S1,Total economy,B1GQ,Gross domestic product,_Z,Not applicable,_Z,Not applicable,_Z,Not applicable,PC,Percentage change,L,Chain linked volume,G1,"Growth rate, period on period",T0102,Table 0102 - GDP identity from the expenditure side,2024-Q1,,0.06466234,,,,,,F,Free (free for publication),1,One,A,Normal value,0,Units,_Z,Not applicable
DATAFLOW,OECD.SDD.NAD:DSD_NAMAIN1@DF_QNA_EXPENDITURE_GROWTH_OECD(1.1),Quarterly real GDP growth - OECD countries,I,Q,Quarterly,Y,Calendar and seasonally adjusted,FRA,France,S1,Total economy,S1,Total economy,B1GQ,Gross domestic product,_Z,Not applicable,_Z,Not applicable,_Z,Not applicable,PC,Percentage change,L,Chain linked volume,G1,"Growth rate, period on period",T0102,Table 0102 - GDP identity from the expenditure side,2023-Q4,,0.482017685,,,,,,F,Free (free for publication),1,One,A,Normal value,0,Units,_Z,Not applicable
DATAFLOW,OECD.SDD.NAD:DSD_NAMAIN1@DF_QNA_EXPENDITURE_GROWTH_OECD(1.1),Quarterly real GDP growth - OECD countries,I,Q,Quarterly,Y,Calendar and seasonally adjusted,FRA,France,S1,Total economy,S1,Total economy,B1GQ,Gross domestic product,_Z,Not applicable,_Z,Not applicable,_Z,Not applicable,PC,Percentage change,L,Chain linked volume,G1,"Growth rate, period on period",T0102,Table 0102 - GDP identity from the expenditure side,2023-Q3,,0.154243711,,,,,,F,Free (free for publication),1,One,A,Normal value,0,Units,_Z,Not applicable
DATAFLOW,OECD.SDD.NAD:DSD_NAMAIN1@DF_QNA_EXPENDITURE_GROWTH_OECD(1.1),Quarterly real GDP growth - OECD countries,I,Q,Quarterly,Y,Calendar and seasonally adjusted,HUN,Hungary,S1,Total economy,S1,Total economy,B1GQ,Gross domestic product,_Z,Not applicable,_Z,Not applicable,_Z,Not applicable,PC,Percentage change,L,Chain linked volume,G1,"Growth rate, period on period",T0102,Table 0102 - GDP identity from the expenditure side,2023-Q3,,1.374484362,,,,,,F,Free (free for publication),1,One,P,Provisional value,0,Units,_Z,Not applicable
DATAFLOW,OECD.SDD.NAD:DSD_NAMAIN1@DF_QNA_EXPENDITURE_GROWTH_OECD(1.1),Quarterly real GDP growth - OECD countries,I,Q,Quarterly,Y,Calendar and seasonally adjusted,HUN,Hungary,S1,Total economy,S1,Total economy,B1GQ,Gross domestic product,_Z,Not applicable,_Z,Not applicable,_Z,Not applicable,PC,Percentage change,L,Chain linked volume,G1,"Growth rate, period on period",T0102,Table 0102 - GDP identity from the expenditure side,2023-Q2,,0.144797538,,,,,,F,Free (free for publication),1,One,P,Provisional value,0,Units,_Z,Not applicable
DATAFLOW,OECD.SDD.NAD:DSD_NAMAIN1@DF_QNA_EXPENDITURE_GROWTH_OECD(1.1),Quarterly real GDP growth - OECD countries,I,Q,Quarterly,Y,Calendar and seasonally adjusted,HUN,Hungary,S1,Total economy,S1,Total economy,B1GQ,Gross domestic product,_Z,Not applicable,_Z,Not applicable,_Z,Not applicable,PC,Percentage change,L,Chain linked volume,G1,"Growth rate, period on period",T0102,Table 0102 - GDP identity from the expenditure side,2022-Q4,,-0.786861965,,,,,,F,Free (free for publication),1,One,A,Normal value,0,Units,_Z,Not applicable
DATAFLOW,OECD.SDD.NAD:DSD_NAMAIN1@DF_QNA_EXPENDITURE_GROWTH_OECD(1.1),Quarterly real GDP growth - OECD countries,I,Q,Quarterly,Y,Calendar and seasonally adjusted,HUN,Hungary,S1,Total economy,S1,Total economy,B1GQ,Gross domestic product,_Z,Not applicable,_Z,Not applicable,_Z,Not applicable,PC,Percentage change,L,Chain linked volume,G1,"Growth rate, period on period",T0102,Table 0102 - GDP identity from the expenditure side,2022-Q3,,-1.1025804,,,,,,F,Free (free for publication),1,One,A,Normal value,0,Units,_Z,Not applicable
DATAFLOW,OECD.SDD.NAD:DSD_NAMAIN1@DF_QNA_EXPENDITURE_GROWTH_OECD(1.1),Quarterly real GDP growth - OECD countries,I,Q,Quarterly,Y,Calendar and seasonally adjusted,HUN,Hungary,S1,Total economy,S1,Total economy,B1GQ,Gross domestic product,_Z,Not applicable,_Z,Not applicable,_Z,Not applicable,PC,Percentage change,L,Chain linked volume,G1,"Growth rate, period on period",T0102,Table 0102 - GDP identity from the expenditure side,2023-Q1,,-0.584869307,,,,,,F,Free (free for publication),1,One,P,Provisional value,0,Units,_Z,Not applicable
DATAFLOW,OECD.SDD.NAD:DSD_NAMAIN1@DF_QNA_EXPENDITURE_GROWTH_OECD(1.1),Quarterly real GDP growth - OECD countries,I,Q,Quarterly,Y,Calendar and seasonally adjusted,HUN,Hungary,S1,Total economy,S1,Total economy,B1GQ,Gross domestic product,_Z,Not applicable,_Z,Not applicable,_Z,Not applicable,PC,Percentage change,L,Chain linked volume,G1,"Growth rate, period on period",T0102,Table 0102 - GDP identity from the expenditure side,2024-Q4,,0.530494135,,,,,,F,Free (free for publication),1,One,P,Provisional value,0,Units,_Z,Not applicable
DATAFLOW,OECD.SDD.NAD:DSD_NAMAIN1@DF_QNA_EXPENDITURE_GROWTH_OECD(1.1),Quarterly real GDP growth - OECD countries,I,Q,Quarterly,Y,Calendar and seasonally adjusted,HUN,Hungary,S1,Total economy,S1,Total economy,B1GQ,Gross domestic product,_Z,Not applicable,_Z,Not applicable,_Z,Not applicable,PC,Percentage change,L,Chain linked volume,G1,"Growth rate, period on period",T0102,Table 0102 - GDP identity from the expenditure side,2024-Q3,,-0.618051864,,,,,,F,Free (free for publication),1,One,P,Provisional value,0,Units,_Z,Not applicable
DATAFLOW,OECD.SDD.NAD:DSD_NAMAIN1@DF_QNA_EXPENDITURE_GROWTH_OECD(1.1),Quarterly real GDP growth - OECD countries,I,Q,Quarterly,Y,Calendar and seasonally adjusted,HUN,Hungary,S1,Total economy,S1,Total economy,B1GQ,Gross domestic product,_Z,Not applicable,_Z,Not applicable,_Z,Not applicable,PC,Percentage change,L,Chain linked volume,G1,"Growth rate, period on period",T0102,Table 0102 - GDP identity from the expenditure side,2024-Q2,,-0.19064979,,,,,,F,Free (free for publication),1,One,P,Provisional value,0,Units,_Z,Not applicable
DATAFLOW,OECD.SDD.NAD:DSD_NAMAIN1@DF_QNA_EXPENDITURE_GROWTH_OECD(1.1),Quarterly real GDP growth - OECD countries,I,Q,Quarterly,Y,Calendar and seasonally adjusted,HUN,Hungary,S1,Total economy,S1,Total economy,B1GQ,Gross domestic product,_Z,Not applicable,_Z,Not applicable,_Z,Not applicable,PC,Percentage change,L,Chain linked volume,G1,"Growth rate, period on period",T0102,Table 0102 - GDP identity from the expenditure side,2024-Q1,,0.467926725,,,,,,F,Free (free for publication),1,One,P,Provisional value,0,Units,_Z,Not applicable
DATAFLOW,OECD.SDD.NAD:DSD_NAMAIN1@DF_QNA_EXPENDITURE_GROWTH_OECD(1.1),Quarterly real GDP growth - OECD countries,I,Q,Quarterly,Y,Calendar and seasonally adjusted,HUN,Hungary,S1,Total economy,S1,Total economy,B1GQ,Gross domestic product,_Z,Not applicable,_Z,Not applicable,_Z,Not applicable,PC,Percentage change,L,Chain linked volume,G1,"Growth rate, period on period",T0102,Table 0102 - GDP identity from the expenditure side,2023-Q4,,-0.40577742,,,,,,F,Free (free for publication),1,One,P,Provisional value,0,Units,_Z,Not applicable
DATAFLOW,OECD.SDD.NAD:DSD_NAMAIN1@DF_QNA_EXPENDITURE_GROWTH_OECD(1.1),Quarterly real GDP growth - OECD countries,I,Q,Quarterly,Y,Calendar and seasonally adjusted,BRA,Brazil,S1,Total economy,S1,Total economy,B1GQ,Gross domestic product,_Z,Not applicable,_Z,Not applicable,_Z,Not applicable,PC,Percentage change,L,Chain linked volume,G1,"Growth rate, period on period",T0102,Table 0102 - GDP identity from the expenditure side,2023-Q2,,0.800524077,,,,,,F,Free (free for publication),1,One,A,Normal value,0,Units,_Z,Not applicable
DATAFLOW,OECD.SDD.NAD:DSD_NAMAIN1@DF_QNA_EXPENDITURE_GROWTH_OECD(1.1),Quarterly real GDP growth - OECD countries,I,Q,Quarterly,Y,Calendar and seasonally adjusted,ITA,Italy,S1,Total economy,S1,Total economy,B1GQ,Gross domestic product,_Z,Not applicable,_Z,Not applicable,_Z,Not applicable,PC,Percentage change,L,Chain linked volume,G1,"Growth rate, period on period",T0102,Table 0102 - GDP identity from the expenditure side,2024-Q1,,0.35111951,,,,,,F,Free (free for publication),1,One,A,Normal value,0,Units,_Z,Not applicable
DATAFLOW,OECD.SDD.NAD:DSD_NAMAIN1@DF_QNA_EXPENDITURE_GROWTH_OECD(1.1),Quarterly real GDP growth - OECD countries,I,Q,Quarterly,Y,Calendar and seasonally adjusted,ITA,Italy,S1,Total economy,S1,Total economy,B1GQ,Gross domestic product,_Z,Not applicable,_Z,Not applicable,_Z,Not applicable,PC,Percentage change,L,Chain linked volume,G1,"Growth rate, period on period",T0102,Table 0102 - GDP identity from the expenditure side,2023-Q4,,-0.059558281,,,,,,F,Free (free for publication),1,One,A,Normal value,0,Units,_Z,Not applicable
DATAFLOW,OECD.SDD.NAD:DSD_NAMAIN1@DF_QNA_EXPENDITURE_GROWTH_OECD(1.1),Quarterly real GDP growth - OECD countries,I,Q,Quarterly,Y,Calendar and seasonally adjusted,BRA,Brazil,S1,Total economy,S1,Total economy,B1GQ,Gross domestic product,_Z,Not applicable,_Z,Not applicable,_Z,Not applicable,PC,Percentage change,L,Chain linked volume,G1,"Growth rate, period on period",T0102,Table 0102 - GDP identity from the expenditure side,2022-Q4,,0.406664313,,,,,,F,Free (free for publication),1,One,A,Normal value,0,Units,_Z,Not applicable
DATAFLOW,OECD.SDD.NAD:DSD_NAMAIN1@DF_QNA_EXPENDITURE_GROWTH_OECD(1.1),Quarterly real GDP growth - OECD countries,I,Q,Quarterly,Y,Calendar and seasonally adjusted,BRA,Brazil,S1,Total economy,S1,Total economy,B1GQ,Gross domestic product,_Z,Not applicable,_Z,Not applicable,_Z,Not applicable,PC,Percentage change,L,Chain linked volume,G1,"Growth rate, period on period",T0102,Table 0102 - GDP identity from the expenditure side,2022-Q3,,0.988769048,,,,,,F,Free (free for publication),1,One,A,Normal value,0,Units,_Z,Not applicable
DATAFLOW,OECD.SDD.NAD:DSD_NAMAIN1@DF_QNA_EXPENDITURE_GROWTH_OECD(1.1),Quarterly real GDP growth - OECD countries,I,Q,Quarterly,Y,Calendar and seasonally adjusted,BRA,Brazil,S1,Total economy,S1,Total economy,B1GQ,Gross domestic product,_Z,Not applicable,_Z,Not applicable,_Z,Not applicable,PC,Percentage change,L,Chain linked volume,G1,"Growth rate, period on period",T0102,Table 0102 - GDP identity from the expenditure side,2024-Q3,,0.913177856,,,,,,F,Free (free for publication),1,One,A,Normal value,0,Units,_Z,Not applicable
DATAFLOW,OECD.SDD.NAD:DSD_NAMAIN1@DF_QNA_EXPENDITURE_GROWTH_OECD(1.1),Quarterly real GDP growth - OECD countries,I,Q,Quarterly,Y,Calendar and seasonally adjusted,BRA,Brazil,S1,Total economy,S1,Total economy,B1GQ,Gross domestic product,_Z,Not applicable,_Z,Not applicable,_Z,Not applicable,PC,Percentage change,L,Chain linked volume,G1,"Growth rate, period on period",T0102,Table 0102 - GDP identity from the expenditure side,2024-Q2,,1.384626962,,,,,,F,Free (free for publication),1,One,A,Normal value,0,Units,_Z,Not applicable
DATAFLOW,OECD.SDD.NAD:DSD_NAMAIN1@DF_QNA_EXPENDITURE_GROWTH_OECD(1.1),Quarterly real GDP growth - OECD countries,I,Q,Quarterly,Y,Calendar and seasonally adjusted,BRA,Brazil,S1,Total economy,S1,Total economy,B1GQ,Gross domestic product,_Z,Not applicable,_Z,Not applicable,_Z,Not applicable,PC,Percentage change,L,Chain linked volume,G1,"Growth rate, period on period",T0102,Table 0102 - GDP identity from the expenditure side,2024-Q1,,1.054322729,,,,,,F,Free (free for publication),1,One,A,Normal value,0,Units,_Z,Not applicable
DATAFLOW,OECD.SDD.NAD:DSD_NAMAIN1@DF_QNA_EXPENDITURE_GROWTH_OECD(1.1),Quarterly real GDP growth - OECD countries,I,Q,Quarterly,Y,Calendar and seasonally adjusted,BRA,Brazil,S1,Total economy,S1,Total economy,B1GQ,Gross domestic product,_Z,Not applicable,_Z,Not applicable,_Z,Not applicable,PC,Percentage change,L,Chain linked volume,G1,"Growth rate, period on period",T0102,Table 0102 - GDP identity from the expenditure side,2023-Q4,,0.150297578,,,,,,F,Free (free for publication),1,One,A,Normal value,0,Units,_Z,Not applicable
DATAFLOW,OECD.SDD.NAD:DSD_NAMAIN1@DF_QNA_EXPENDITURE_GROWTH_OECD(1.1),Quarterly real GDP growth - OECD countries,I,Q,Quarterly,Y,Calendar and seasonally adjusted,ARG,Argentina,S1,Total economy,S1,Total economy,B1GQ,Gross domestic product,_Z,Not applicable,_Z,Not applicable,_Z,Not applicable,PC,Percentage change,L,Chain linked volume,G1,"Growth rate, period on period",T0102,Table 0102 - GDP identity from the expenditure side,2023-Q2,,-2.829866518,,,,,,F,Free (free for publication),1,One,A,Normal value,0,Units,_Z,Not applicable
DATAFLOW,OECD.SDD.NAD:DSD_NAMAIN1@DF_QNA_EXPENDITURE_GROWTH_OECD(1.1),Quarterly real GDP growth - OECD countries,I,Q,Quarterly,Y,Calendar and seasonally adjusted,ARG,Argentina,S1,Total economy,S1,Total economy,B1GQ,Gross domestic product,_Z,Not applicable,_Z,Not applicable,_Z,Not applicable,PC,Percentage change,L,Chain linked volume,G1,"Growth rate, period on period",T0102,Table 0102 - GDP identity from the expenditure side,2023-Q1,,1.520618583,,,,,,F,Free (free for publication),1,One,A,Normal value,0,Units,_Z,Not applicable
DATAFLOW,OECD.SDD.NAD:DSD_NAMAIN1@DF_QNA_EXPENDITURE_GROWTH_OECD(1.1),Quarterly real GDP growth - OECD countries,I,Q,Quarterly,Y,Calendar and seasonally adjusted,ARG,Argentina,S1,Total economy,S1,Total economy,B1GQ,Gross domestic product,_Z,Not applicable,_Z,Not applicable,_Z,Not applicable,PC,Percentage change,L,Chain linked volume,G1,"Growth rate, period on period",T0102,Table 0102 - GDP identity from the expenditure side,2022-Q3,,-0.499972867,,,,,,F,Free (free for publication),1,One,A,Normal value,0,Units,_Z,Not applicable
DATAFLOW,OECD.SDD.NAD:DSD_NAMAIN1@DF_QNA_EXPENDITURE_GROWTH_OECD(1.1),Quarterly real GDP growth - OECD countries,I,Q,Quarterly,Y,Calendar and seasonally adjusted,ARG,Argentina,S1,Total economy,S1,Total economy,B1GQ,Gross domestic product,_Z,Not applicable,_Z,Not applicable,_Z,Not applicable,PC,Percentage change,L,Chain linked volume,G1,"Growth rate, period on period",T0102,Table 0102 - GDP identity from the expenditure side,2022-Q4,,-1.939194739,,,,,,F,Free (free for publication),1,One,A,Normal value,0,Units,_Z,Not applicable
DATAFLOW,OECD.SDD.NAD:DSD_NAMAIN1@DF_QNA_EXPENDITURE_GROWTH_OECD(1.1),Quarterly real GDP growth - OECD countries,I,Q,Quarterly,Y,Calendar and seasonally adjusted,ARG,Argentina,S1,Total economy,S1,Total economy,B1GQ,Gross domestic product,_Z,Not applicable,_Z,Not applicable,_Z,Not applicable,PC,Percentage change,L,Chain linked volume,G1,"Growth rate, period on period",T0102,Table 0102 - GDP identity from the expenditure side,2024-Q3,,3.868112977,,,,,,F,Free (free for publication),1,One,A,Normal value,0,Units,_Z,Not applicable
DATAFLOW,OECD.SDD.NAD:DSD_NAMAIN1@DF_QNA_EXPENDITURE_GROWTH_OECD(1.1),Quarterly real GDP growth - OECD countries,I,Q,Quarterly,Y,Calendar and seasonally adjusted,ARG,Argentina,S1,Total economy,S1,Total economy,B1GQ,Gross domestic product,_Z,Not applicable,_Z,Not applicable,_Z,Not applicable,PC,Percentage change,L,Chain linked volume,G1,"Growth rate, period on period",T0102,Table 0102 - GDP identity from the expenditure side,2024-Q2,,-1.734928303,,,,,,F,Free (free for publication),1,One,A,Normal value,0,Units,_Z,Not applicable
DATAFLOW,OECD.SDD.NAD:DSD_NAMAIN1@DF_QNA_EXPENDITURE_GROWTH_OECD(1.1),Quarterly real GDP growth - OECD countries,I,Q,Quarterly,Y,Calendar and seasonally adjusted,ARG,Argentina,S1,Total economy,S1,Total economy,B1GQ,Gross domestic product,_Z,Not applicable,_Z,Not applicable,_Z,Not applicable,PC,Percentage change,L,Chain linked volume,G1,"Growth rate, period on period",T0102,Table 0102 - GDP identity from the expenditure side,2024-Q1,,-2.122642279,,,,,,F,Free (free for publication),1,One,A,Normal value,0,Units,_Z,Not applicable
DATAFLOW,OECD.SDD.NAD:DSD_NAMAIN1@DF_QNA_EXPENDITURE_GROWTH_OECD(1.1),Quarterly real GDP growth - OECD countries,I,Q,Quarterly,Y,Calendar and seasonally adjusted,ARG,Argentina,S1,Total economy,S1,Total economy,B1GQ,Gross domestic product,_Z,Not applicable,_Z,Not applicable,_Z,Not applicable,PC,Percentage change,L,Chain linked volume,G1,"Growth rate, period on period",T0102,Table 0102 - GDP identity from the expenditure side,2023-Q4,,-1.943646361,,,,,,F,Free (free for publication),1,One,A,Normal value,0,Units,_Z,Not applicable
DATAFLOW,OECD.SDD.NAD:DSD_NAMAIN1@DF_QNA_EXPENDITURE_GROWTH_OECD(1.1),Quarterly real GDP growth - OECD countries,I,Q,Quarterly,Y,Calendar and seasonally adjusted,ARG,Argentina,S1,Total economy,S1,Total economy,B1GQ,Gross domestic product,_Z,Not applicable,_Z,Not applicable,_Z,Not applicable,PC,Percentage change,L,Chain linked volume,G1,"Growth rate, period on period",T0102,Table 0102 - GDP identity from the expenditure side,2023-Q3,,1.777930956,,,,,,F,Free (free for publication),1,One,A,Normal value,0,Units,_Z,Not applicable
DATAFLOW,OECD.SDD.NAD:DSD_NAMAIN1@DF_QNA_EXPENDITURE_GROWTH_OECD(1.1),Quarterly real GDP growth - OECD countries,I,Q,Quarterly,Y,Calendar and seasonally adjusted,IRL,Ireland,S1,Total economy,S1,Total economy,B1GQ,Gross domestic product,_Z,Not applicable,_Z,Not applicable,_Z,Not applicable,PC,Percentage change,L,Chain linked volume,G1,"Growth rate, period on period",T0102,Table 0102 - GDP identity from the expenditure side,2023-Q2,,-1.215586891,,,,,,F,Free (free for publication),1,One,A,Normal value,0,Units,_Z,Not applicable
DATAFLOW,OECD.SDD.NAD:DSD_NAMAIN1@DF_QNA_EXPENDITURE_GROWTH_OECD(1.1),Quarterly real GDP growth - OECD countries,I,Q,Quarterly,Y,Calendar and seasonally adjusted,IRL,Ireland,S1,Total economy,S1,Total economy,B1GQ,Gross domestic product,_Z,Not applicable,_Z,Not applicable,_Z,Not applicable,PC,Percentage change,L,Chain linked volume,G1,"Growth rate, period on period",T0102,Table 0102 - GDP identity from the expenditure side,2023-Q1,,-5.382988822,,,,,,F,Free (free for publication),1,One,A,Normal value,0,Units,_Z,Not applicable
DATAFLOW,OECD.SDD.NAD:DSD_NAMAIN1@DF_QNA_EXPENDITURE_GROWTH_OECD(1.1),Quarterly real GDP growth - OECD countries,I,Q,Quarterly,Y,Calendar and seasonally adjusted,IRL,Ireland,S1,Total economy,S1,Total economy,B1GQ,Gross domestic product,_Z,Not applicable,_Z,Not applicable,_Z,Not applicable,PC,Percentage change,L,Chain linked volume,G1,"Growth rate, period on period",T0102,Table 0102 - GDP identity from the expenditure side,2022-Q4,,0.310432756,,,,,,F,Free (free for publication),1,One,A,Normal value,0,Units,_Z,Not applicable
DATAFLOW,OECD.SDD.NAD:DSD_NAMAIN1@DF_QNA_EXPENDITURE_GROWTH_OECD(1.1),Quarterly real GDP growth - OECD countries,I,Q,Quarterly,Y,Calendar and seasonally adjusted,IRL,Ireland,S1,Total economy,S1,Total economy,B1GQ,Gross domestic product,_Z,Not applicable,_Z,Not applicable,_Z,Not applicable,PC,Percentage change,L,Chain linked volume,G1,"Growth rate, period on period",T0102,Table 0102 - GDP identity from the expenditure side,2022-Q3,,2.535246838,,,,,,F,Free (free for publication),1,One,A,Normal value,0,Units,_Z,Not applicable
DATAFLOW,OECD.SDD.NAD:DSD_NAMAIN1@DF_QNA_EXPENDITURE_GROWTH_OECD(1.1),Quarterly real GDP growth - OECD countries,I,Q,Quarterly,Y,Calendar and seasonally adjusted,IRL,Ireland,S1,Total economy,S1,Total economy,B1GQ,Gross domestic product,_Z,Not applicable,_Z,Not applicable,_Z,Not applicable,PC,Percentage change,L,Chain linked volume,G1,"Growth rate, period on period",T0102,Table 0102 - GDP identity from the expenditure side,2024-Q4,,-1.300594569,,,,,,F,Free (free for publication),1,One,A,Normal value,0,Units,_Z,Not applicable
DATAFLOW,OECD.SDD.NAD:DSD_NAMAIN1@DF_QNA_EXPENDITURE_GROWTH_OECD(1.1),Quarterly real GDP growth - OECD countries,I,Q,Quarterly,Y,Calendar and seasonally adjusted,IRL,Ireland,S1,Total economy,S1,Total economy,B1GQ,Gross domestic product,_Z,Not applicable,_Z,Not applicable,_Z,Not applicable,PC,Percentage change,L,Chain linked volume,G1,"Growth rate, period on period",T0102,Table 0102 - GDP identity from the expenditure side,2024-Q3,,3.513599284,,,,,,F,Free (free for publication),1,One,A,Normal value,0,Units,_Z,Not applicable
DATAFLOW,OECD.SDD.NAD:DSD_NAMAIN1@DF_QNA_EXPENDITURE_GROWTH_OECD(1.1),Quarterly real GDP growth - OECD countries,I,Q,Quarterly,Y,Calendar and seasonally adjusted,IRL,Ireland,S1,Total economy,S1,Total economy,B1GQ,Gross domestic product,_Z,Not applicable,_Z,Not applicable,_Z,Not applicable,PC,Percentage change,L,Chain linked volume,G1,"Growth rate, period on period",T0102,Table 0102 - GDP identity from the expenditure side,2024-Q2,,-0.252372913,,,,,,F,Free (free for publication),1,One,A,Normal value,0,Units,_Z,Not applicable
DATAFLOW,OECD.SDD.NAD:DSD_NAMAIN1@DF_QNA_EXPENDITURE_GROWTH_OECD(1.1),Quarterly real GDP growth - OECD countries,I,Q,Quarterly,Y,Calendar and seasonally adjusted,IRL,Ireland,S1,Total economy,S1,Total economy,B1GQ,Gross domestic product,_Z,Not applicable,_Z,Not applicable,_Z,Not applicable,PC,Percentage change,L,Chain linked volume,G1,"Growth rate, period on period",T0102,Table 0102 - GDP identity from the expenditure side,2024-Q1,,0.59628786,,,,,,F,Free (free for publication),1,One,A,Normal value,0,Units,_Z,Not applicable
DATAFLOW,OECD.SDD.NAD:DSD_NAMAIN1@DF_QNA_EXPENDITURE_GROWTH_OECD(1.1),Quarterly real GDP growth - OECD countries,I,Q,Quarterly,Y,Calendar and seasonally adjusted,IRL,Ireland,S1,Total economy,S1,Total economy,B1GQ,Gross domestic product,_Z,Not applicable,_Z,Not applicable,_Z,Not applicable,PC,Percentage change,L,Chain linked volume,G1,"Growth rate, period on period",T0102,Table 0102 - GDP identity from the expenditure side,2023-Q4,,-1.35224276,,,,,,F,Free (free for publication),1,One,A,Normal value,0,Units,_Z,Not applicable
DATAFLOW,OECD.SDD.NAD:DSD_NAMAIN1@DF_QNA_EXPENDITURE_GROWTH_OECD(1.1),Quarterly real GDP growth - OECD countries,I,Q,Quarterly,Y,Calendar and seasonally adjusted,IRL,Ireland,S1,Total economy,S1,Total economy,B1GQ,Gross domestic product,_Z,Not applicable,_Z,Not applicable,_Z,Not applicable,PC,Percentage change,L,Chain linked volume,G1,"Growth rate, period on period",T0102,Table 0102 - GDP identity from the expenditure side,2023-Q3,,-2.227368693,,,,,,F,Free (free for publication),1,One,A,Normal value,0,Units,_Z,Not applicable
DATAFLOW,OECD.SDD.NAD:DSD_NAMAIN1@DF_QNA_EXPENDITURE_GROWTH_OECD(1.1),Quarterly real GDP growth - OECD countries,I,Q,Quarterly,Y,Calendar and seasonally adjusted,DEU,Germany,S1,Total economy,S1,Total economy,B1GQ,Gross domestic product,_Z,Not applicable,_Z,Not applicable,_Z,Not applicable,PC,Percentage change,L,Chain linked volume,G1,"Growth rate, period on period",T0102,Table 0102 - GDP identity from the expenditure side,2023-Q2,,-0.152435941,,,,,,F,Free (free for publication),1,One,P,Provisional value,0,Units,_Z,Not applicable
DATAFLOW,OECD.SDD.NAD:DSD_NAMAIN1@DF_QNA_EXPENDITURE_GROWTH_OECD(1.1),Quarterly real GDP growth - OECD countries,I,Q,Quarterly,Y,Calendar and seasonally adjusted,DEU,Germany,S1,Total economy,S1,Total economy,B1GQ,Gross domestic product,_Z,Not applicable,_Z,Not applicable,_Z,Not applicable,PC,Percentage change,L,Chain linked volume,G1,"Growth rate, period on period",T0102,Table 0102 - GDP identity from the expenditure side,2023-Q1,,0.145497371,,,,,,F,Free (free for publication),1,One,P,Provisional value,0,Units,_Z,Not applicable
DATAFLOW,OECD.SDD.NAD:DSD_NAMAIN1@DF_QNA_EXPENDITURE_GROWTH_OECD(1.1),Quarterly real GDP growth - OECD countries,I,Q,Quarterly,Y,Calendar and seasonally adjusted,DEU,Germany,S1,Total economy,S1,Total economy,B1GQ,Gross domestic product,_Z,Not applicable,_Z,Not applicable,_Z,Not applicable,PC,Percentage change,L,Chain linked volume,G1,"Growth rate, period on period",T0102,Table 0102 - GDP identity from the expenditure side,2022-Q4,,-0.512580851,,,,,,F,Free (free for publication),1,One,P,Provisional value,0,Units,_Z,Not applicable
DATAFLOW,OECD.SDD.NAD:DSD_NAMAIN1@DF_QNA_EXPENDITURE_GROWTH_OECD(1.1),Quarterly real GDP growth - OECD countries,I,Q,Quarterly,Y,Calendar and seasonally adjusted,DEU,Germany,S1,Total economy,S1,Total economy,B1GQ,Gross domestic product,_Z,Not applicable,_Z,Not applicable,_Z,Not applicable,PC,Percentage change,L,Chain linked volume,G1,"Growth rate, period on period",T0102,Table 0102 - GDP identity from the expenditure side,2022-Q3,,0.592001399,,,,,,F,Free (free for publication),1,One,P,Provisional value,0,Units,_Z,Not applicable
DATAFLOW,OECD.SDD.NAD:DSD_NAMAIN1@DF_QNA_EXPENDITURE_GROWTH_OECD(1.1),Quarterly real GDP growth - OECD countries,I,Q,Quarterly,Y,Calendar and seasonally adjusted,DEU,Germany,S1,Total economy,S1,Total economy,B1GQ,Gross domestic product,_Z,Not applicable,_Z,Not applicable,_Z,Not applicable,PC,Percentage change,L,Chain linked volume,G1,"Growth rate, period on period",T0102,Table 0102 - GDP identity from the expenditure side,2024-Q4,,-0.20064671,,,,,,F,Free (free for publication),1,One,P,Provisional value,0,Units,_Z,Not applicable
DATAFLOW,OECD.SDD.NAD:DSD_NAMAIN1@DF_QNA_EXPENDITURE_GROWTH_OECD(1.1),Quarterly real GDP growth - OECD countries,I,Q,Quarterly,Y,Calendar and seasonally adjusted,DEU,Germany,S1,Total economy,S1,Total economy,B1GQ,Gross domestic product,_Z,Not applicable,_Z,Not applicable,_Z,Not applicable,PC,Percentage change,L,Chain linked volume,G1,"Growth rate, period on period",T0102,Table 0102 - GDP identity from the expenditure side,2024-Q3,,0.105209173,,,,,,F,Free (free for publication),1,One,P,Provisional value,0,Units,_Z,Not applicable
DATAFLOW,OECD.SDD.NAD:DSD_NAMAIN1@DF_QNA_EXPENDITURE_GROWTH_OECD(1.1),Quarterly real GDP growth - OECD countries,I,Q,Quarterly,Y,Calendar and seasonally adjusted,DEU,Germany,S1,Total economy,S1,Total economy,B1GQ,Gross domestic product,_Z,Not applicable,_Z,Not applicable,_Z,Not applicable,PC,Percentage change,L,Chain linked volume,G1,"Growth rate, period on period",T0102,Table 0102 - GDP identity from the expenditure side,2024-Q2,,-0.295625472,,,,,,F,Free (free for publication),1,One,P,Provisional value,0,Units,_Z,Not applicable
DATAFLOW,OECD.SDD.NAD:DSD_NAMAIN1@DF_QNA_EXPENDITURE_GROWTH_OECD(1.1),Quarterly real GDP growth - OECD countries,I,Q,Quarterly,Y,Calendar and seasonally adjusted,DEU,Germany,S1,Total economy,S1,Total economy,B1GQ,Gross domestic product,_Z,Not applicable,_Z,Not applicable,_Z,Not applicable,PC,Percentage change,L,Chain linked volume,G1,"Growth rate, period on period",T0102,Table 0102 - GDP identity from the expenditure side,2024-Q1,,0.236580599,,,,,,F,Free (free for publication),1,One,P,Provisional value,0,Units,_Z,Not applicable
DATAFLOW,OECD.SDD.NAD:DSD_NAMAIN1@DF_QNA_EXPENDITURE_GROWTH_OECD(1.1),Quarterly real GDP growth - OECD countries,I,Q,Quarterly,Y,Calendar and seasonally adjusted,DEU,Germany,S1,Total economy,S1,Total economy,B1GQ,Gross domestic product,_Z,Not applicable,_Z,Not applicable,_Z,Not applicable,PC,Percentage change,L,Chain linked volume,G1,"Growth rate, period on period",T0102,Table 0102 - GDP identity from the expenditure side,2023-Q4,,-0.371429719,,,,,,F,Free (free for publication),1,One,P,Provisional value,0,Units,_Z,Not applicable
DATAFLOW,OECD.SDD.NAD:DSD_NAMAIN1@DF_QNA_EXPENDITURE_GROWTH_OECD(1.1),Quarterly real GDP growth - OECD countries,I,Q,Quarterly,Y,Calendar and seasonally adjusted,DEU,Germany,S1,Total economy,S1,Total economy,B1GQ,Gross domestic product,_Z,Not applicable,_Z,Not applicable,_Z,Not applicable,PC,Percentage change,L,Chain linked volume,G1,"Growth rate, period on period",T0102,Table 0102 - GDP identity from the expenditure side,2023-Q3,,0.19084634,,,,,,F,Free (free for publication),1,One,P,Provisional value,0,Units,_Z,Not applicable
DATAFLOW,OECD.SDD.NAD:DSD_NAMAIN1@DF_QNA_EXPENDITURE_GROWTH_OECD(1.1),Quarterly real GDP growth - OECD countries,I,Q,Quarterly,Y,Calendar and seasonally adjusted,CHN,China (People’s Republic of),S1,Total economy,S1,Total economy,B1GQ,Gross domestic product,_Z,Not applicable,_Z,Not applicable,_Z,Not applicable,PC,Percentage change,L,Chain linked volume,G1,"Growth rate, period on period",T0102,Table 0102 - GDP identity from the expenditure side,2024-Q3,,1.3,,,,,,F,Free (free for publication),1,One,A,Normal value,0,Units,_Z,Not applicable
DATAFLOW,OECD.SDD.NAD:DSD_NAMAIN1@DF_QNA_EXPENDITURE_GROWTH_OECD(1.1),Quarterly real GDP growth - OECD countries,I,Q,Quarterly,Y,Calendar and seasonally adjusted,CHN,China (People’s Republic of),S1,Total economy,S1,Total economy,B1GQ,Gross domestic product,_Z,Not applicable,_Z,Not applicable,_Z,Not applicable,PC,Percentage change,L,Chain linked volume,G1,"Growth rate, period on period",T0102,Table 0102 - GDP identity from the expenditure side,2024-Q2,,0.9,,,,,,F,Free (free for publication),1,One,A,Normal value,0,Units,_Z,Not applicable
DATAFLOW,OECD.SDD.NAD:DSD_NAMAIN1@DF_QNA_EXPENDITURE_GROWTH_OECD(1.1),Quarterly real GDP growth - OECD countries,I,Q,Quarterly,Y,Calendar and seasonally adjusted,CHN,China (People’s Republic of),S1,Total economy,S1,Total economy,B1GQ,Gross domestic product,_Z,Not applicable,_Z,Not applicable,_Z,Not applicable,PC,Percentage change,L,Chain linked volume,G1,"Growth rate, period on period",T0102,Table 0102 - GDP identity from the expenditure side,2024-Q1,,1.5,,,,,,F,Free (free for publication),1,One,A,Normal value,0,Units,_Z,Not applicable
DATAFLOW,OECD.SDD.NAD:DSD_NAMAIN1@DF_QNA_EXPENDITURE_GROWTH_OECD(1.1),Quarterly real GDP growth - OECD countries,I,Q,Quarterly,Y,Calendar and seasonally adjusted,MEX,Mexico,S1,Total economy,S1,Total economy,B1GQ,Gross domestic product,_Z,Not applicable,_Z,Not applicable,_Z,Not applicable,PC,Percentage change,L,Chain linked volume,G1,"Growth rate, period on period",T0102,Table 0102 - GDP identity from the expenditure side,2024-Q1,,0.06267698,,,,,,F,Free (free for publication),1,One,P,Provisional value,0,Units,_Z,Not applicable
DATAFLOW,OECD.SDD.NAD:DSD_NAMAIN1@DF_QNA_EXPENDITURE_GROWTH_OECD(1.1),Quarterly real GDP growth - OECD countries,I,Q,Quarterly,Y,Calendar and seasonally adjusted,MEX,Mexico,S1,Total economy,S1,Total economy,B1GQ,Gross domestic product,_Z,Not applicable,_Z,Not applicable,_Z,Not applicable,PC,Percentage change,L,Chain linked volume,G1,"Growth rate, period on period",T0102,Table 0102 - GDP identity from the expenditure side,2022-Q4,,1.104037718,,,,,,F,Free (free for publication),1,One,P,Provisional value,0,Units,_Z,Not applicable
DATAFLOW,OECD.SDD.NAD:DSD_NAMAIN1@DF_QNA_EXPENDITURE_GROWTH_OECD(1.1),Quarterly real GDP growth - OECD countries,I,Q,Quarterly,Y,Calendar and seasonally adjusted,MEX,Mexico,S1,Total economy,S1,Total economy,B1GQ,Gross domestic product,_Z,Not applicable,_Z,Not applicable,_Z,Not applicable,PC,Percentage change,L,Chain linked volume,G1,"Growth rate, period on period",T0102,Table 0102 - GDP identity from the expenditure side,2022-Q3,,0.725846943,,,,,,F,Free (free for publication),1,One,P,Provisional value,0,Units,_Z,Not applicable
DATAFLOW,OECD.SDD.NAD:DSD_NAMAIN1@DF_QNA_EXPENDITURE_GROWTH_OECD(1.1),Quarterly real GDP growth - OECD countries,I,Q,Quarterly,Y,Calendar and seasonally adjusted,MEX,Mexico,S1,Total economy,S1,Total economy,B1GQ,Gross domestic product,_Z,Not applicable,_Z,Not applicable,_Z,Not applicable,PC,Percentage change,L,Chain linked volume,G1,"Growth rate, period on period",T0102,Table 0102 - GDP identity from the expenditure side,2023-Q4,,0.071042815,,,,,,F,Free (free for publication),1,One,P,Provisional value,0,Units,_Z,Not applicable
